id,session,scenario,block,trial,gesture,manipulation,direction,time,score,speed,recognized,correct
1,0,0,0,0,6,2,1,3609,0.042854145,2.6399999,6,true
1,0,0,0,1,6,2,1,3620,0.044607587,3.58,6,true
1,0,0,0,2,6,2,1,3724,0.03842142,3.6799998,6,true
1,0,0,0,3,6,2,1,3373,0.044014886,3.1599998,6,true
1,0,0,0,4,6,2,1,3140,0.05292023,3.1,6,true
1,0,0,0,5,6,2,1,3329,0.0460475,3.3,6,true
1,0,0,0,6,6,2,1,3170,0.050305583,3.1399999,6,true
1,0,0,1,0,1,0,0,3890,0.043445256,3.6799998,1,true
1,0,0,1,1,1,0,0,4105,0.03578117,3.9199998,1,true
1,0,0,1,2,1,0,0,4374,0.038140938,3.98,1,true
1,0,0,1,3,1,0,0,2890,0.047369115,2.7,1,true
1,0,0,1,4,1,0,0,3724,0.06017503,3.6599998,1,true
1,0,0,1,5,1,0,0,4104,0.048954837,3.9199998,1,true
1,0,0,1,6,1,0,0,3499,0.06297511,3.28,1,true
1,0,0,2,0,2,0,1,6025,-1.0,-1.0,0,false
1,0,0,2,1,2,0,1,3443,0.04236497,3.36,2,true
1,0,0,2,2,2,0,1,3459,0.036176153,3.4199998,2,true
1,0,0,2,3,2,0,1,3405,0.041804545,3.3,2,true
1,0,0,2,4,2,0,1,3756,0.03562613,3.72,2,true
1,0,0,2,5,2,0,1,4098,0.04622031,3.98,2,true
1,0,0,2,6,2,0,1,3550,0.037082504,3.52,2,true
1,0,0,3,0,4,1,1,3652,0.036285255,1.52,4,true
1,0,0,3,1,4,1,1,2319,0.040466286,2.28,4,true
1,0,0,3,2,4,1,1,2123,0.037625246,2.08,4,true
1,0,0,3,3,4,1,1,2042,0.03829577,2.0,4,true
1,0,0,3,4,4,1,1,1904,0.037320565,1.86,4,true
1,0,0,3,5,4,1,1,1572,0.04055567,1.54,4,true
1,0,0,3,6,4,1,1,2212,0.0338527,2.1399999,4,true
1,0,0,4,0,5,2,0,6007,-1.0,-1.0,0,false
1,0,0,4,1,5,2,0,4586,0.051051456,3.98,5,true
1,0,0,4,2,5,2,0,3318,0.044573434,3.28,5,true
1,0,0,4,3,5,2,0,3655,0.043996178,3.4199998,5,true
1,0,0,4,4,5,2,0,3152,0.046844877,2.96,5,true
1,0,0,4,5,5,2,0,3424,0.040826906,3.32,5,true
1,0,0,4,6,5,2,0,3429,0.036321256,3.26,5,true
1,0,0,5,0,3,1,0,2184,0.038269177,1.9799999,3,true
1,0,0,5,1,3,1,0,1923,0.036190733,1.6999999,3,true
1,0,0,5,2,3,1,0,2655,0.029739609,2.5,3,true
1,0,0,5,3,3,1,0,1960,0.029647077,1.78,3,true
1,0,0,5,4,3,1,0,2091,0.032181382,2.02,3,true
1,0,0,5,5,3,1,0,2161,0.03552422,2.02,3,true
1,0,0,5,6,3,1,0,1936,0.02832467,1.74,3,true
10,0,0,0,0,3,1,0,4837,0.04702931,2.12,3,true
10,0,0,0,1,3,1,0,2765,0.03821844,2.48,3,true
10,0,0,0,2,3,1,0,2720,0.036027443,2.58,3,true
10,0,0,0,3,3,1,0,2945,0.035381947,2.52,3,true
10,0,0,0,4,3,1,0,2634,0.04042451,2.46,3,true
10,0,0,0,5,3,1,0,2597,0.039077826,2.34,3,true
10,0,0,0,6,3,1,0,3098,0.035746075,2.6799998,3,true
10,0,0,1,0,5,2,0,4477,0.03299919,3.98,5,true
10,0,0,1,1,5,2,0,4051,0.03186751,3.86,5,true
10,0,0,1,2,5,2,0,4082,0.03444616,3.8999999,5,true
10,0,0,1,3,5,2,0,6021,-1.0,-1.0,0,false
10,0,0,1,4,5,2,0,3188,0.04091067,2.96,5,true
10,0,0,1,5,5,2,0,3280,0.037684474,3.12,5,true
10,0,0,1,6,5,2,0,3962,0.030100014,3.8,5,true
10,0,0,2,0,1,0,0,5636,0.035120532,3.98,1,true
10,0,0,2,1,1,0,0,6010,-1.0,-1.0,0,false
10,0,0,2,2,1,0,0,4925,0.03929466,3.98,1,true
10,0,0,2,3,1,0,0,5174,0.036965862,3.98,1,true
10,0,0,2,4,1,0,0,6035,-1.0,-1.0,0,false
10,0,0,2,5,1,0,0,5751,0.030598663,3.98,1,true
10,0,0,2,6,1,0,0,5026,0.034780085,3.98,1,true
10,0,0,3,0,2,0,1,4303,0.042791408,3.98,2,true
10,0,0,3,1,2,0,1,4545,0.04921314,3.98,2,true
10,0,0,3,2,2,0,1,3697,0.04442774,3.58,2,true
10,0,0,3,3,2,0,1,2584,0.05216232,2.46,2,true
10,0,0,3,4,2,0,1,2658,0.042468295,2.54,2,true
10,0,0,3,5,2,0,1,3332,0.039273456,3.1399999,2,true
10,0,0,3,6,2,0,1,3611,0.05152118,3.4399998,2,true
10,0,0,4,0,6,2,1,3287,0.042036682,3.06,6,true
10,0,0,4,1,6,2,1,4207,0.04203903,3.8799999,6,true
10,0,0,4,2,6,2,1,3753,0.040827952,3.54,6,true
10,0,0,4,3,6,2,1,3210,0.0451663,3.12,6,true
10,0,0,4,4,6,2,1,3533,0.041300096,3.4399998,6,true
10,0,0,4,5,6,2,1,3595,0.038800325,3.48,6,true
10,0,0,4,6,6,2,1,3402,0.03797462,3.24,6,true
10,0,0,5,0,4,1,1,3280,0.03436822,2.84,4,true
10,0,0,5,1,4,1,1,2193,0.03727036,2.06,4,true
10,0,0,5,2,4,1,1,2700,0.033788834,2.58,4,true
10,0,0,5,3,4,1,1,3182,0.03268835,3.06,4,true
10,0,0,5,4,4,1,1,3262,0.032800134,3.08,4,true
10,0,0,5,5,4,1,1,2670,0.030499712,2.32,4,true
10,0,0,5,6,4,1,1,2530,0.032641634,2.48,4,true
11,0,0,0,0,2,0,1,4390,0.039591797,3.98,2,true
11,0,0,0,1,2,0,1,2619,0.05853498,2.58,2,true
11,0,0,0,2,2,0,1,2484,0.05910162,2.44,2,true
11,0,0,0,3,2,0,1,2127,0.052773044,2.08,2,true
11,0,0,0,4,2,0,1,3594,0.04456771,3.56,2,true
11,0,0,0,5,2,0,1,3787,0.047735352,3.76,2,true
11,0,0,0,6,2,0,1,4424,0.03910432,3.98,2,true
11,0,0,1,0,1,0,0,4962,0.044992454,3.76,1,true
11,0,0,1,1,1,0,0,5883,0.032054514,3.98,1,true
11,0,0,1,2,1,0,0,5799,0.030760376,3.72,1,true
11,0,0,1,3,1,0,0,6017,-1.0,-1.0,0,false
11,0,0,1,4,1,0,0,4734,0.03482867,3.98,1,true
11,0,0,1,5,1,0,0,6039,-1.0,-1.0,0,false
11,0,0,1,6,1,0,0,6031,-1.0,-1.0,0,false
11,0,0,2,0,6,2,1,3081,0.044241883,3.04,6,true
11,0,0,2,1,6,2,1,2066,0.052164905,2.02,6,true
11,0,0,2,2,6,2,1,1825,0.060446106,1.78,6,true
11,0,0,2,3,6,2,1,1946,0.06882656,1.86,6,true
11,0,0,2,4,6,2,1,3456,0.045787897,3.4199998,6,true
11,0,0,2,5,6,2,1,1747,0.066850565,1.6999999,6,true
11,0,0,2,6,6,2,1,2981,0.04953257,2.9399998,6,true
11,0,0,3,0,3,1,0,6035,-1.0,-1.0,0,false
11,0,0,3,1,3,1,0,6033,-1.0,-1.0,0,false
11,0,0,3,2,3,1,0,2874,0.034194566,2.78,3,true
11,0,0,3,3,3,1,0,2399,0.041124385,2.34,3,true
11,0,0,3,4,3,1,0,2301,0.0442824,2.18,3,true
11,0,0,3,5,3,1,0,2398,0.039118696,2.34,3,true
11,0,0,3,6,3,1,0,1821,0.050906423,1.74,3,true
11,0,0,4,0,4,1,1,2211,0.039306708,2.18,4,true
11,0,0,4,1,4,1,1,1709,0.042558175,1.68,4,true
11,0,0,4,2,4,1,1,1513,0.04785248,1.48,4,true
11,0,0,4,3,4,1,1,2013,0.040777925,1.9799999,4,true
11,0,0,4,4,4,1,1,1842,0.044058837,1.8,4,true
11,0,0,4,5,4,1,1,2326,0.04140332,2.24,4,true
11,0,0,4,6,4,1,1,1498,0.04931805,1.4599999,4,true
11,0,0,5,0,5,2,0,3308,0.030051783,3.28,4,false
11,0,0,5,1,5,2,0,6031,-1.0,-1.0,0,false
11,0,0,5,2,5,2,0,6009,-1.0,-1.0,0,false
11,0,0,5,3,5,2,0,4255,0.03430432,3.98,5,true
11,0,0,5,4,5,2,0,6041,-1.0,-1.0,0,false
11,0,0,5,5,5,2,0,4418,0.034292445,3.98,5,true
11,0,0,5,6,5,2,0,6041,-1.0,-1.0,0,false
12,0,0,0,0,5,2,0,3330,0.045268342,3.1,5,true
12,0,0,0,1,5,2,0,4044,0.036255714,3.9599998,5,true
12,0,0,0,2,5,2,0,3861,0.03883592,3.62,5,true
12,0,0,0,3,5,2,0,3801,0.03784431,3.58,5,true
12,0,0,0,4,5,2,0,3792,0.0383434,3.6799998,5,true
12,0,0,0,5,5,2,0,3438,0.03766488,3.3799999,5,true
12,0,0,0,6,5,2,0,4227,0.038407564,3.34,5,true
12,0,0,1,0,4,1,1,3904,0.030210616,2.7,4,true
12,0,0,1,1,4,1,1,3605,0.02665054,3.54,4,true
12,0,0,1,2,4,1,1,2727,0.030538227,2.1599998,4,true
12,0,0,1,3,4,1,1,3173,0.030399673,3.1,4,true
12,0,0,1,4,4,1,1,2435,0.030967956,2.32,4,true
12,0,0,1,5,4,1,1,3001,0.028134085,2.9199998,4,true
12,0,0,1,6,4,1,1,2860,0.02878191,2.72,4,true
12,0,0,2,0,6,2,1,3158,0.045779303,3.08,6,true
12,0,0,2,1,6,2,1,3524,0.03551662,3.46,6,true
12,0,0,2,2,6,2,1,3622,0.036463078,3.56,6,true
12,0,0,2,3,6,2,1,3584,0.03825042,3.52,6,true
12,0,0,2,4,6,2,1,2058,0.047550943,1.9599999,6,true
12,0,0,2,5,6,2,1,1882,0.045417573,1.78,6,true
12,0,0,2,6,6,2,1,3152,0.048240498,3.08,6,true
12,0,0,3,0,1,0,0,5606,0.030349258,3.98,1,true
12,0,0,3,1,1,0,0,5349,0.032705028,3.98,1,true
12,0,0,3,2,1,0,0,4711,0.04004103,3.98,1,true
12,0,0,3,3,1,0,0,6057,-1.0,-1.0,0,false
12,0,0,3,4,1,0,0,5181,0.03560953,3.98,1,true
12,0,0,3,5,1,0,0,5374,0.032520846,3.98,1,true
12,0,0,3,6,1,0,0,5313,0.031877853,3.98,1,true
12,0,0,4,0,3,1,0,2647,0.03788983,2.44,3,true
12,0,0,4,1,3,1,0,1937,0.048555974,1.8199999,3,true
12,0,0,4,2,3,1,0,3520,0.031599633,3.26,3,true
12,0,0,4,3,3,1,0,4062,0.029004177,3.9399998,3,true
12,0,0,4,4,3,1,0,2866,0.035179522,2.76,3,true
12,0,0,4,5,3,1,0,2874,0.04232399,2.8,3,true
12,0,0,4,6,3,1,0,3173,0.03643278,3.0,3,true
12,0,0,5,0,2,0,1,5122,0.036489375,3.98,2,true
12,0,0,5,1,2,0,1,5508,0.036252692,3.98,2,true
12,0,0,5,2,2,0,1,6069,-1.0,-1.0,0,false
12,0,0,5,3,2,0,1,4793,0.038049616,3.98,2,true
12,0,0,5,4,2,0,1,5177,0.03562233,3.98,2,true
12,0,0,5,5,2,0,1,5030,0.03052167,3.98,2,true
12,0,0,5,6,2,0,1,5127,0.04179173,3.98,2,true
13,0,0,0,0,6,2,1,3833,0.034672502,3.6999998,6,true
13,0,0,0,1,6,2,1,3989,0.035561204,3.9599998,6,true
13,0,0,0,2,6,2,1,4290,0.040267423,3.98,6,true
13,0,0,0,3,6,2,1,3544,0.03481601,3.5,6,true
13,0,0,0,4,6,2,1,3569,0.036802303,3.52,6,true
13,0,0,0,5,6,2,1,3435,0.041586183,3.3999999,6,true
13,0,0,0,6,6,2,1,3254,0.042743534,3.22,6,true
13,0,0,1,0,2,0,1,2848,0.03546755,2.8,2,true
13,0,0,1,1,2,0,1,3474,0.030029988,3.4399998,2,true
13,0,0,1,2,2,0,1,3086,0.033286296,3.04,2,true
13,0,0,1,3,2,0,1,2585,0.037007593,2.54,2,true
13,0,0,1,4,2,0,1,2295,0.039750613,2.26,2,true
13,0,0,1,5,2,0,1,1946,0.036724567,1.9,2,true
13,0,0,1,6,2,0,1,2142,0.048549354,2.1,2,true
13,0,0,2,0,3,1,0,3469,0.028602133,3.3799999,3,true
13,0,0,2,1,3,1,0,3417,0.033978127,3.3,3,true
13,0,0,2,2,3,1,0,3625,0.030133601,3.56,3,true
13,0,0,2,3,3,1,0,3286,0.033660747,3.08,3,true
13,0,0,2,4,3,1,0,3128,0.033773974,3.08,3,true
13,0,0,2,5,3,1,0,3311,0.034059823,3.26,3,true
13,0,0,2,6,3,1,0,3389,0.031115137,3.1599998,3,true
13,0,0,3,0,4,1,1,3253,0.036793903,3.08,4,true
13,0,0,3,1,4,1,1,1982,0.033940494,1.86,4,true
13,0,0,3,2,4,1,1,2178,0.031800978,2.04,4,true
13,0,0,3,3,4,1,1,1973,0.03190855,1.9399999,4,true
13,0,0,3,4,4,1,1,1936,0.031814825,1.9,4,true
13,0,0,3,5,4,1,1,2018,0.034041837,1.9799999,4,true
13,0,0,3,6,4,1,1,3188,0.03584986,3.1599998,4,true
13,0,0,4,0,5,2,0,3064,0.034243487,3.0,5,true
13,0,0,4,1,5,2,0,3387,0.03460854,3.1599998,5,true
13,0,0,4,2,5,2,0,3631,0.034232877,3.4199998,5,true
13,0,0,4,3,5,2,0,3253,0.033072,3.1999998,5,true
13,0,0,4,4,5,2,0,3231,0.035876576,3.12,5,true
13,0,0,4,5,5,2,0,2823,0.038438745,2.76,5,true
13,0,0,4,6,5,2,0,3443,0.033662327,3.32,5,true
13,0,0,5,0,1,0,0,3276,0.032991763,3.06,1,true
13,0,0,5,1,1,0,0,3557,0.03438165,3.34,1,true
13,0,0,5,2,1,0,0,3260,0.03680103,3.1599998,1,true
13,0,0,5,3,1,0,0,3967,0.034048364,3.86,1,true
13,0,0,5,4,1,0,0,3612,0.02923804,3.4199998,1,true
13,0,0,5,5,1,0,0,3651,0.031900384,3.62,1,true
13,0,0,5,6,1,0,0,3465,0.032377746,3.32,1,true
2,0,0,0,0,4,1,1,2781,0.02590763,2.32,4,true
2,0,0,0,1,4,1,1,2668,0.031699106,2.48,3,false
2,0,0,0,2,4,1,1,2623,0.025766345,2.58,4,true
2,0,0,0,3,4,1,1,3015,0.021634337,2.78,4,true
2,0,0,0,4,4,1,1,3074,0.024242677,2.24,4,true
2,0,0,0,5,4,1,1,2984,0.028194165,2.3799999,4,true
2,0,0,0,6,4,1,1,2414,0.029693577,1.9799999,4,true
2,0,0,1,0,1,0,0,4561,0.030645158,3.98,1,true
2,0,0,1,1,1,0,0,4016,0.02783833,3.9399998,1,true
2,0,0,1,2,1,0,0,3940,0.029163307,3.78,1,true
2,0,0,1,3,1,0,0,3535,0.029693726,3.48,1,true
2,0,0,1,4,1,0,0,3914,0.030568872,3.82,1,true
2,0,0,1,5,1,0,0,4398,0.030867908,3.98,1,true
2,0,0,1,6,1,0,0,3737,0.037132706,3.58,1,true
2,0,0,2,0,3,1,0,3119,0.029376468,2.5,3,true
2,0,0,2,1,3,1,0,2174,0.030497806,2.12,3,true
2,0,0,2,2,3,1,0,2048,0.03191465,1.9399999,3,true
2,0,0,2,3,3,1,0,2173,0.030662429,2.02,3,true
2,0,0,2,4,3,1,0,1751,0.03126446,1.62,3,true
2,0,0,2,5,3,1,0,3191,0.027615935,3.04,3,true
2,0,0,2,6,3,1,0,2196,0.035001706,2.02,3,true
2,0,0,3,0,2,0,1,3518,0.043081038,3.48,2,true
2,0,0,3,1,2,0,1,3118,0.042698905,3.08,2,true
2,0,0,3,2,2,0,1,2416,0.051407933,2.3799999,2,true
2,0,0,3,3,2,0,1,3381,0.039972737,3.34,2,true
2,0,0,3,4,2,0,1,3546,0.042093314,3.1799998,2,true
2,0,0,3,5,2,0,1,3847,0.03515055,3.8,2,true
2,0,0,3,6,2,0,1,4118,0.037620135,3.74,2,true
2,0,0,4,0,6,2,1,4353,0.035715405,3.98,6,true
2,0,0,4,1,6,2,1,4682,0.03294675,3.98,6,true
2,0,0,4,2,6,2,1,4615,0.038468737,3.98,6,true
2,0,0,4,3,6,2,1,5405,0.030218799,3.98,6,true
2,0,0,4,4,6,2,1,6030,-1.0,-1.0,0,false
2,0,0,4,5,6,2,1,4878,0.03271548,3.98,6,true
2,0,0,4,6,6,2,1,5514,0.027088005,3.98,6,true
2,0,0,5,0,5,2,0,6031,-1.0,-1.0,0,false
2,0,0,5,1,5,2,0,4583,0.032554552,3.98,5,true
2,0,0,5,2,5,2,0,4639,0.026977675,3.98,5,true
2,0,0,5,3,5,2,0,4058,0.026238464,3.98,5,true
2,0,0,5,4,5,2,0,4322,0.027714143,3.98,5,true
2,0,0,5,5,5,2,0,3432,0.033939768,3.26,5,true
2,0,0,5,6,5,2,0,3387,0.03702921,3.22,5,true
3,0,0,0,0,5,2,0,6024,-1.0,-1.0,0,false
3,0,0,0,1,5,2,0,6013,-1.0,-1.0,0,false
3,0,0,0,2,5,2,0,5164,0.03303449,3.98,5,true
3,0,0,0,3,5,2,0,4198,0.03214415,3.98,5,true
3,0,0,0,4,5,2,0,3807,0.032865938,3.6599998,5,true
3,0,0,0,5,5,2,0,3614,0.030059304,3.54,5,true
3,0,0,0,6,5,2,0,6017,-1.0,-1.0,0,false
3,0,0,1,0,4,1,1,2797,0.027020536,2.6599998,4,true
3,0,0,1,1,4,1,1,2354,0.02265253,2.32,4,true
3,0,0,1,2,4,1,1,2299,0.025321856,2.24,4,true
3,0,0,1,3,4,1,1,2202,0.021934198,2.12,4,true
3,0,0,1,4,4,1,1,1678,0.030208398,1.62,4,true
3,0,0,1,5,4,1,1,2120,0.02049169,2.08,4,true
3,0,0,1,6,4,1,1,2179,0.023567155,2.12,4,true
3,0,0,2,0,1,0,0,4347,0.031266116,3.98,1,true
3,0,0,2,1,1,0,0,4082,0.034300968,3.98,1,true
3,0,0,2,2,1,0,0,3943,0.042393457,3.82,1,true
3,0,0,2,3,1,0,0,3697,0.03698302,3.58,1,true
3,0,0,2,4,1,0,0,3952,0.03869212,3.8,1,true
3,0,0,2,5,1,0,0,3601,0.04259284,3.54,1,true
3,0,0,2,6,1,0,0,3672,0.034086056,3.6,1,true
3,0,0,3,0,2,0,1,4124,0.03375825,3.98,2,true
3,0,0,3,1,2,0,1,2292,0.043369576,2.26,2,true
3,0,0,3,2,2,0,1,4255,0.03156948,3.98,2,true
3,0,0,3,3,2,0,1,4052,0.030783478,3.98,2,true
3,0,0,3,4,2,0,1,3912,0.034565043,3.86,2,true
3,0,0,3,5,2,0,1,3980,0.03881953,3.9199998,2,true
3,0,0,3,6,2,0,1,3727,0.039619595,3.6799998,2,true
3,0,0,4,0,3,1,0,3210,0.029658873,3.1,3,true
3,0,0,4,1,3,1,0,2798,0.03292033,2.58,3,true
3,0,0,4,2,3,1,0,2334,0.028359534,2.2,3,true
3,0,0,4,3,3,1,0,2538,0.028476706,2.32,3,true
3,0,0,4,4,3,1,0,2605,0.035585307,2.34,3,true
3,0,0,4,5,3,1,0,2479,0.03398842,2.36,3,true
3,0,0,4,6,3,1,0,2761,0.029774122,2.56,3,true
3,0,0,5,0,6,2,1,3187,0.0355309,3.1599998,6,true
3,0,0,5,1,6,2,1,3381,0.029304437,3.32,6,true
3,0,0,5,2,6,2,1,3689,0.028977964,3.6399999,6,true
3,0,0,5,3,6,2,1,3327,0.037672453,3.28,6,true
3,0,0,5,4,6,2,1,3118,0.03521111,3.08,6,true
3,0,0,5,5,6,2,1,3279,0.032264285,3.24,6,true
3,0,0,5,6,6,2,1,3781,0.030981388,3.72,6,true
4,0,0,0,0,5,2,0,3712,0.036960542,3.58,5,true
4,0,0,0,1,5,2,0,3847,0.036436565,3.6799998,5,true
4,0,0,0,2,5,2,0,3256,0.04272556,3.1,5,true
4,0,0,0,3,5,2,0,3056,0.037267435,2.8,5,true
4,0,0,0,4,5,2,0,2675,0.042754307,2.44,5,true
4,0,0,0,5,5,2,0,2613,0.042307857,2.46,5,true
4,0,0,0,6,5,2,0,2597,0.044532955,2.3999999,5,true
4,0,0,1,0,6,2,1,3607,0.045186102,3.54,6,true
4,0,0,1,1,6,2,1,4378,0.038404755,3.98,6,true
4,0,0,1,2,6,2,1,3469,0.047102407,3.3999999,6,true
4,0,0,1,3,6,2,1,2803,0.04663231,2.74,6,true
4,0,0,1,4,6,2,1,2329,0.054772735,2.24,6,true
4,0,0,1,5,6,2,1,3216,0.042683803,3.1399999,6,true
4,0,0,1,6,6,2,1,3304,0.04410375,3.24,6,true
4,0,0,2,0,4,1,1,2297,0.02916428,2.22,4,true
4,0,0,2,1,4,1,1,2559,0.03420836,2.3999999,4,true
4,0,0,2,2,4,1,1,2664,0.03804182,2.5,4,true
4,0,0,2,3,4,1,1,2242,0.040471323,2.1599998,4,true
4,0,0,2,4,4,1,1,1905,0.036208984,1.8199999,4,true
4,0,0,2,5,4,1,1,2483,0.030776018,2.3799999,4,true
4,0,0,2,6,4,1,1,2399,0.03825436,2.34,4,true
4,0,0,3,0,1,0,0,3559,0.04075115,3.32,1,true
4,0,0,3,1,1,0,0,3593,0.043680254,3.3799999,1,true
4,0,0,3,2,1,0,0,3957,0.04637321,3.78,1,true
4,0,0,3,3,1,0,0,3504,0.044399332,3.36,1,true
4,0,0,3,4,1,0,0,3450,0.04498958,3.26,1,true
4,0,0,3,5,1,0,0,3348,0.042154707,3.26,1,true
4,0,0,3,6,1,0,0,3446,0.043183368,3.36,1,true
4,0,0,4,0,3,1,0,3179,0.04084615,2.1599998,3,true
4,0,0,4,1,3,1,0,2492,0.038854286,2.3,3,true
4,0,0,4,2,3,1,0,2744,0.036894906,2.5,3,true
4,0,0,4,3,3,1,0,2480,0.037152536,2.3,3,true
4,0,0,4,4,3,1,0,2229,0.037809152,2.1599998,3,true
4,0,0,4,5,3,1,0,2290,0.041699216,2.06,3,true
4,0,0,4,6,3,1,0,2187,0.044767357,2.1,3,true
4,0,0,5,0,2,0,1,2820,0.04998093,2.74,2,true
4,0,0,5,1,2,0,1,3350,0.043333057,3.28,2,true
4,0,0,5,2,2,0,1,2310,0.05412425,2.22,2,true
4,0,0,5,3,2,0,1,2305,0.04862351,2.22,2,true
4,0,0,5,4,2,0,1,2783,0.050181318,2.72,2,true
4,0,0,5,5,2,0,1,3027,0.042053208,2.96,2,true
4,0,0,5,6,2,0,1,2282,0.052270085,2.18,2,true
6,0,0,0,0,6,2,1,4133,0.03352934,3.98,6,true
6,0,0,0,1,6,2,1,3940,0.03195026,3.8999999,6,true
6,0,0,0,2,6,2,1,4462,0.029160772,3.98,6,true
6,0,0,0,3,6,2,1,2236,0.040920068,2.2,6,true
6,0,0,0,4,6,2,1,3298,0.03490729,3.26,6,true
6,0,0,0,5,6,2,1,3155,0.036838066,3.12,6,true
6,0,0,0,6,6,2,1,2084,0.036350016,2.04,6,true
6,0,0,1,0,4,1,1,2883,0.03511188,2.84,4,true
6,0,0,1,1,4,1,1,2976,0.034461,2.82,4,true
6,0,0,1,2,4,1,1,3002,0.031788606,2.96,4,true
6,0,0,1,3,4,1,1,3334,0.03121474,3.3,4,true
6,0,0,1,4,4,1,1,3138,0.031670548,3.1,4,true
6,0,0,1,5,4,1,1,3106,0.031682715,3.06,4,true
6,0,0,1,6,4,1,1,2966,0.03123052,2.9199998,4,true
6,0,0,2,0,2,0,1,4769,0.03381727,3.98,2,true
6,0,0,2,1,2,0,1,6018,-1.0,-1.0,0,false
6,0,0,2,2,2,0,1,6033,-1.0,-1.0,0,false
6,0,0,2,3,2,0,1,4496,0.03868907,3.98,2,true
6,0,0,2,4,2,0,1,6025,-1.0,-1.0,0,false
6,0,0,2,5,2,0,1,4693,0.037241034,3.98,2,true
6,0,0,2,6,2,0,1,4417,0.034818634,3.98,2,true
6,0,0,3,0,1,0,0,4233,0.048497222,3.98,1,true
6,0,0,3,1,1,0,0,3922,0.044358283,3.76,1,true
6,0,0,3,2,1,0,0,4014,0.045521796,3.82,1,true
6,0,0,3,3,1,0,0,3724,0.04722195,3.54,1,true
6,0,0,3,4,1,0,0,4001,0.04328563,3.9399998,1,true
6,0,0,3,5,1,0,0,3931,0.04400867,3.74,1,true
6,0,0,3,6,1,0,0,3546,0.045743138,3.3999999,1,true
6,0,0,4,0,3,1,0,2340,0.03901372,2.18,3,true
6,0,0,4,1,3,1,0,2854,0.038678445,2.74,3,true
6,0,0,4,2,3,1,0,2925,0.03590297,2.8,3,true
6,0,0,4,3,3,1,0,2483,0.035059284,2.32,3,true
6,0,0,4,4,3,1,0,3114,0.033168986,2.96,3,true
6,0,0,4,5,3,1,0,2874,0.035334975,2.76,3,true
6,0,0,4,6,3,1,0,2958,0.03847836,2.82,3,true
6,0,0,5,0,5,2,0,4814,0.0334476,3.98,5,true
6,0,0,5,1,5,2,0,3665,0.036924787,3.5,5,true
6,0,0,5,2,5,2,0,6040,-1.0,-1.0,0,false
6,0,0,5,3,5,2,0,3802,0.033739608,3.62,5,true
6,0,0,5,4,5,2,0,5453,0.045618147,3.98,5,true
6,0,0,5,5,5,2,0,3688,0.034011938,3.48,5,true
6,0,0,5,6,5,2,0,3696,0.032313325,3.6599998,5,true
7,0,0,0,0,5,2,0,4324,0.029996168,3.6,5,true
7,0,0,0,1,5,2,0,3600,0.035236012,3.02,5,true
7,0,0,0,2,5,2,0,4008,0.029719979,3.6599998,5,true
7,0,0,0,3,5,2,0,3629,0.032353807,3.3999999,5,true
7,0,0,0,4,5,2,0,3524,0.036376312,3.08,5,true
7,0,0,0,5,5,2,0,3304,0.03621723,3.0,5,true
7,0,0,0,6,5,2,0,3848,0.03361158,3.6,5,true
7,0,0,1,0,3,1,0,4632,0.026309434,3.98,3,true
7,0,0,1,1,3,1,0,4096,0.023718683,3.98,3,true
7,0,0,1,2,3,1,0,3969,0.02703445,3.78,3,true
7,0,0,1,3,3,1,0,3135,0.028577317,3.08,3,true
7,0,0,1,4,3,1,0,3149,0.032606915,3.1,3,true
7,0,0,1,5,3,1,0,4663,0.022943381,3.98,3,true
7,0,0,1,6,3,1,0,3437,0.028890433,3.32,3,true
7,0,0,2,0,2,0,1,4299,0.029844081,3.98,2,true
7,0,0,2,1,2,0,1,4851,0.03501021,3.98,2,true
7,0,0,2,2,2,0,1,6029,-1.0,-1.0,0,false
7,0,0,2,3,2,0,1,5076,0.029133007,3.98,2,true
7,0,0,2,4,2,0,1,6029,-1.0,-1.0,0,false
7,0,0,2,5,2,0,1,6025,-1.0,-1.0,0,false
7,0,0,2,6,2,0,1,6024,-1.0,-1.0,0,false
7,0,0,3,0,1,0,0,5622,0.028328575,3.98,1,true
7,0,0,3,1,1,0,0,5952,0.029712979,3.98,1,true
7,0,0,3,2,1,0,0,5571,0.032712355,3.98,1,true
7,0,0,3,3,1,0,0,4299,0.02934955,3.9599998,1,true
7,0,0,3,4,1,0,0,3978,0.031416412,3.56,1,true
7,0,0,3,5,1,0,0,4368,0.030000277,3.98,1,true
7,0,0,3,6,1,0,0,4953,0.033252914,3.98,1,true
7,0,0,4,0,4,1,1,3206,0.031309288,2.7,4,true
7,0,0,4,1,4,1,1,2705,0.030626971,2.56,4,true
7,0,0,4,2,4,1,1,2301,0.029207023,2.24,4,true
7,0,0,4,3,4,1,1,3135,0.029410401,3.04,4,true
7,0,0,4,4,4,1,1,2897,0.031211141,2.86,4,true
7,0,0,4,5,4,1,1,2616,0.028636606,2.44,4,true
7,0,0,4,6,4,1,1,3014,0.028263997,2.98,4,true
7,0,0,5,0,6,2,1,4158,0.02672061,3.72,6,true
7,0,0,5,1,6,2,1,3344,0.030710887,3.3,6,true
7,0,0,5,2,6,2,1,3266,0.033956733,3.1599998,6,true
7,0,0,5,3,6,2,1,3369,0.043450247,3.32,6,true
7,0,0,5,4,6,2,1,2794,0.033961497,2.76,6,true
7,0,0,5,5,6,2,1,3157,0.03148535,3.12,6,true
7,0,0,5,6,6,2,1,3480,0.027545728,3.3799999,6,true
8,0,0,0,0,6,2,1,4123,0.036355387,3.0,6,true
8,0,0,0,1,6,2,1,5168,0.039315812,3.98,6,true
8,0,0,0,2,6,2,1,3542,0.04879506,3.5,6,true
8,0,0,0,3,6,2,1,3331,0.049112048,3.28,6,true
8,0,0,0,4,6,2,1,3968,0.05156526,3.9199998,6,true
8,0,0,0,5,6,2,1,3489,0.046975836,3.3999999,6,true
8,0,0,0,6,6,2,1,3924,0.03528127,3.62,6,true
8,0,0,1,0,1,0,0,4854,0.025670305,3.98,1,true
8,0,0,1,1,1,0,0,4963,0.03468488,3.98,1,true
8,0,0,1,2,1,0,0,3650,0.03833103,3.46,1,true
8,0,0,1,3,1,0,0,4694,0.03214996,3.98,1,true
8,0,0,1,4,1,0,0,4601,0.04217252,3.98,1,true
8,0,0,1,5,1,0,0,3905,0.040335968,3.56,1,true
8,0,0,1,6,1,0,0,4447,0.039660502,3.98,1,true
8,0,0,2,0,3,1,0,4377,0.02618877,3.98,3,true
8,0,0,2,1,3,1,0,3249,0.03284028,2.8,3,true
8,0,0,2,2,3,1,0,3668,0.035823718,3.22,3,true
8,0,0,2,3,3,1,0,3319,0.028790833,3.1399999,3,true
8,0,0,2,4,3,1,0,3034,0.036691133,2.82,3,true
8,0,0,2,5,3,1,0,3466,0.03843734,3.3999999,3,true
8,0,0,2,6,3,1,0,2893,0.039394908,2.74,3,true
8,0,0,3,0,5,2,0,6049,-1.0,-1.0,0,false
8,0,0,3,1,5,2,0,6029,-1.0,-1.0,0,false
8,0,0,3,2,5,2,0,3619,0.041323356,3.4199998,5,true
8,0,0,3,3,5,2,0,3267,0.044808626,3.08,5,true
8,0,0,3,4,5,2,0,3341,0.04371741,3.12,5,true
8,0,0,3,5,5,2,0,6047,-1.0,-1.0,0,false
8,0,0,3,6,5,2,0,3348,0.03945008,3.1999998,5,true
8,0,0,4,0,2,0,1,4270,0.022837928,3.98,2,true
8,0,0,4,1,2,0,1,4815,0.036075093,3.98,2,true
8,0,0,4,2,2,0,1,3934,0.03210204,3.8999999,2,true
8,0,0,4,3,2,0,1,4321,0.037696928,3.98,2,true
8,0,0,4,4,2,0,1,4699,0.031728633,3.98,2,true
8,0,0,4,5,2,0,1,6043,-1.0,-1.0,0,false
8,0,0,4,6,2,0,1,3983,0.031346336,3.9399998,2,true
8,0,0,5,0,4,1,1,3182,0.02914081,3.1399999,4,true
8,0,0,5,1,4,1,1,2221,0.035862595,2.18,4,true
8,0,0,5,2,4,1,1,2276,0.044085722,2.24,4,true
8,0,0,5,3,4,1,1,1975,0.03457497,1.9399999,4,true
8,0,0,5,4,4,1,1,2771,0.028223991,2.6599998,4,true
8,0,0,5,5,4,1,1,2013,0.041759208,1.9599999,4,true
8,0,0,5,6,4,1,1,2441,0.039743185,2.36,4,true
9,0,0,0,0,3,1,0,6048,-1.0,-1.0,0,false
9,0,0,0,1,3,1,0,3752,0.02301824,3.6799998,3,true
9,0,0,0,2,3,1,0,3651,0.02424733,3.5,3,true
9,0,0,0,3,3,1,0,4068,0.02321268,3.84,3,true
9,0,0,0,4,3,1,0,3379,0.026606224,3.1399999,3,true
9,0,0,0,5,3,1,0,3121,0.03178172,3.0,3,true
9,0,0,0,6,3,1,0,3347,0.03132494,2.3799999,3,true
9,0,0,1,0,5,2,0,6035,-1.0,-1.0,0,false
9,0,0,1,1,5,2,0,4565,0.029337429,3.98,5,true
9,0,0,1,2,5,2,0,3930,0.034269646,3.76,5,true
9,0,0,1,3,5,2,0,6039,-1.0,-1.0,0,false
9,0,0,1,4,5,2,0,4071,0.031698573,3.86,5,true
9,0,0,1,5,5,2,0,4303,0.042162247,3.98,5,true
9,0,0,1,6,5,2,0,4068,0.034853686,3.86,5,true
9,0,0,2,0,6,2,1,4653,0.03636195,3.98,6,true
9,0,0,2,1,6,2,1,4866,0.042799197,3.98,6,true
9,0,0,2,2,6,2,1,4585,0.045988426,3.98,6,true
9,0,0,2,3,6,2,1,5442,0.043081436,3.98,6,true
9,0,0,2,4,6,2,1,5264,0.046522327,3.98,6,true
9,0,0,2,5,6,2,1,4176,0.041868977,3.98,6,true
9,0,0,2,6,6,2,1,3477,0.039603174,3.4199998,6,true
9,0,0,3,0,2,0,1,4540,0.037119962,3.98,2,true
9,0,0,3,1,2,0,1,3433,0.040711537,3.3799999,2,true
9,0,0,3,2,2,0,1,3360,0.0388968,3.32,2,true
9,0,0,3,3,2,0,1,6032,-1.0,-1.0,0,false
9,0,0,3,4,2,0,1,4653,0.036050424,3.98,2,true
9,0,0,3,5,2,0,1,3106,0.038968243,3.06,2,true
9,0,0,3,6,2,0,1,6032,-1.0,-1.0,0,false
9,0,0,4,0,1,0,0,6034,-1.0,-1.0,0,false
9,0,0,4,1,1,0,0,6033,-1.0,-1.0,0,false
9,0,0,4,2,1,0,0,5215,0.03524127,3.98,1,true
9,0,0,4,3,1,0,0,5430,0.039584436,3.98,1,true
9,0,0,4,4,1,0,0,5078,0.035282023,3.98,1,true
9,0,0,4,5,1,0,0,5714,0.028753009,3.98,1,true
9,0,0,4,6,1,0,0,4817,0.031264376,3.98,1,true
9,0,0,5,0,4,1,1,3311,0.029516596,3.26,4,true
9,0,0,5,1,4,1,1,2369,0.03084348,2.32,4,true
9,0,0,5,2,4,1,1,2276,0.028051227,2.22,4,true
9,0,0,5,3,4,1,1,3774,0.028981047,3.22,4,true
9,0,0,5,4,4,1,1,2901,0.031297203,2.86,4,true
9,0,0,5,5,4,1,1,3096,0.031776674,3.04,4,true
9,0,0,5,6,4,1,1,2697,0.026605459,2.6399999,4,true
1,1,0,0,0,1,0,0,4582,0.03292898,3.98,1,true
1,1,0,0,1,1,0,0,4047,0.03302465,3.98,1,true
1,1,0,0,2,1,0,0,4478,0.031262577,3.98,1,true
1,1,0,0,3,1,0,0,4372,0.030906685,3.98,1,true
1,1,0,0,4,1,0,0,3692,0.033251174,3.54,1,true
1,1,0,0,5,1,0,0,3933,0.031579655,3.86,1,true
1,1,0,0,6,1,0,0,4384,0.03299007,3.98,1,true
1,1,0,1,0,2,0,1,5126,0.028211977,3.98,2,true
1,1,0,1,1,2,0,1,2506,0.034485925,2.48,2,true
1,1,0,1,2,2,0,1,2621,0.025755998,2.58,2,true
1,1,0,1,3,2,0,1,2808,0.037078284,2.78,2,true
1,1,0,1,4,2,0,1,3585,0.03503725,3.56,2,true
1,1,0,1,5,2,0,1,3636,0.029143926,3.58,2,true
1,1,0,1,6,2,0,1,3614,0.031920865,3.58,2,true
1,1,0,2,0,5,2,0,4197,0.04285216,3.4199998,5,true
1,1,0,2,1,5,2,0,3285,0.050896995,3.1599998,5,true
1,1,0,2,2,5,2,0,4532,0.04084762,3.98,5,true
1,1,0,2,3,5,2,0,2848,0.051281467,2.62,5,true
1,1,0,2,4,5,2,0,3089,0.045180477,2.8799999,5,true
1,1,0,2,5,5,2,0,2910,0.04669244,2.86,5,true
1,1,0,2,6,5,2,0,2655,0.050947078,2.62,5,true
1,1,0,3,0,3,1,0,1957,0.040795967,1.74,3,true
1,1,0,3,1,3,1,0,2147,0.03336248,2.1,3,true
1,1,0,3,2,3,1,0,2200,0.034560923,2.06,3,true
1,1,0,3,3,3,1,0,1930,0.034158427,1.8199999,3,true
1,1,0,3,4,3,1,0,2087,0.030989334,1.9,3,true
1,1,0,3,5,3,1,0,1981,0.033450026,1.88,3,true
1,1,0,3,6,3,1,0,1926,0.038299203,1.7199999,3,true
1,1,0,4,0,6,2,1,3383,0.042228475,3.34,6,true
1,1,0,4,1,6,2,1,2904,0.05131206,2.86,6,true
1,1,0,4,2,6,2,1,2016,0.057955828,1.9799999,6,true
1,1,0,4,3,6,2,1,2012,0.05554028,1.9799999,6,true
1,1,0,4,4,6,2,1,2281,0.059283383,2.24,6,true
1,1,0,4,5,6,2,1,3989,0.058262825,2.02,6,true
1,1,0,4,6,6,2,1,3406,0.052706078,3.1,6,true
1,1,0,5,0,4,1,1,2375,0.037385322,2.18,4,true
1,1,0,5,1,4,1,1,2195,0.035871543,2.1599998,4,true
1,1,0,5,2,4,1,1,1978,0.03343442,1.92,4,true
1,1,0,5,3,4,1,1,1845,0.030807514,1.8,4,true
1,1,0,5,4,4,1,1,1758,0.03668511,1.7199999,4,true
1,1,0,5,5,4,1,1,1893,0.032680694,1.86,4,true
1,1,0,5,6,4,1,1,1343,0.03562561,1.3,4,true
10,1,0,0,0,6,2,1,3508,0.047614206,3.1599998,6,true
10,1,0,0,1,6,2,1,2221,0.059434455,2.1599998,6,true
10,1,0,0,2,6,2,1,2795,0.049238786,2.6799998,6,true
10,1,0,0,3,6,2,1,2656,0.054764915,2.5,6,true
10,1,0,0,4,6,2,1,3291,0.042146027,3.1999998,6,true
10,1,0,0,5,6,2,1,2350,0.056456864,2.32,6,true
10,1,0,0,6,6,2,1,2656,0.05144667,2.62,6,true
10,1,0,1,0,5,2,0,5283,0.033450555,3.8,5,true
10,1,0,1,1,5,2,0,3644,0.0395974,3.4399998,5,true
10,1,0,1,2,5,2,0,3838,0.036979023,3.76,5,true
10,1,0,1,3,5,2,0,2864,0.043463923,2.8,5,true
10,1,0,1,4,5,2,0,3042,0.04308338,2.84,5,true
10,1,0,1,5,5,2,0,2888,0.045419224,2.84,5,true
10,1,0,1,6,5,2,0,3336,0.043180555,3.3,5,true
10,1,0,2,0,3,1,0,3290,0.03560101,3.12,3,true
10,1,0,2,1,3,1,0,3646,0.03566641,3.06,3,true
10,1,0,2,2,3,1,0,2738,0.03920596,2.56,3,true
10,1,0,2,3,3,1,0,1895,0.042357285,1.74,3,true
10,1,0,2,4,3,1,0,3386,0.031502984,3.22,3,true
10,1,0,2,5,3,1,0,2286,0.04272578,1.1999999,3,true
10,1,0,2,6,3,1,0,1881,0.048424516,1.7199999,3,true
10,1,0,3,0,4,1,1,2093,0.03977017,2.02,4,true
10,1,0,3,1,4,1,1,1997,0.049475558,1.9599999,4,true
10,1,0,3,2,4,1,1,2446,0.038005367,2.4199998,4,true
10,1,0,3,3,4,1,1,1906,0.063163616,1.88,4,true
10,1,0,3,4,4,1,1,1665,0.044999823,1.64,4,true
10,1,0,3,5,4,1,1,1551,0.043043498,1.52,4,true
10,1,0,3,6,4,1,1,1204,0.048725806,1.16,4,true
10,1,0,4,0,2,0,1,2654,0.057624325,2.62,2,true
10,1,0,4,1,2,0,1,2534,0.060750104,2.3799999,2,true
10,1,0,4,2,2,0,1,2686,0.05492224,2.6599998,2,true
10,1,0,4,3,2,0,1,2411,0.061921105,2.3799999,2,true
10,1,0,4,4,2,0,1,2187,0.066093095,2.1599998,2,true
10,1,0,4,5,2,0,1,2549,0.05332487,2.52,2,true
10,1,0,4,6,2,0,1,2207,0.06761231,2.18,2,true
10,1,0,5,0,1,0,0,4523,0.042241205,3.98,1,true
10,1,0,5,1,1,0,0,6023,-1.0,-1.0,0,false
10,1,0,5,2,1,0,0,3610,0.04894466,3.3,1,true
10,1,0,5,3,1,0,0,3710,0.04151676,3.6,1,true
10,1,0,5,4,1,0,0,6025,-1.0,-1.0,0,false
10,1,0,5,5,1,0,0,4251,0.050220262,3.98,1,true
10,1,0,5,6,1,0,0,3707,0.048649155,3.6,1,true
11,1,0,0,0,2,0,1,4598,0.031931147,3.98,2,true
11,1,0,0,1,2,0,1,3141,0.05054091,3.1,2,true
11,1,0,0,2,2,0,1,3940,0.040751375,3.8999999,2,true
11,1,0,0,3,2,0,1,6039,-1.0,-1.0,0,false
11,1,0,0,4,2,0,1,2524,0.043169364,2.48,2,true
11,1,0,0,5,2,0,1,2527,0.04827537,2.48,2,true
11,1,0,0,6,2,0,1,2393,0.05295458,2.36,2,true
11,1,0,1,0,5,2,0,4649,0.033849247,3.98,5,true
11,1,0,1,1,5,2,0,5033,0.033574164,3.98,5,true
11,1,0,1,2,5,2,0,3213,0.04239359,3.06,5,true
11,1,0,1,3,5,2,0,6035,-1.0,-1.0,0,false
11,1,0,1,4,5,2,0,3648,0.04145634,3.6,5,true
11,1,0,1,5,5,2,0,6035,-1.0,-1.0,0,false
11,1,0,1,6,5,2,0,3947,0.041731313,3.8,5,true
11,1,0,2,0,1,0,0,6043,-1.0,-1.0,0,false
11,1,0,2,1,1,0,0,6034,-1.0,-1.0,0,false
11,1,0,2,2,1,0,0,6036,-1.0,-1.0,0,false
11,1,0,2,3,1,0,0,5398,0.043499287,3.98,1,true
11,1,0,2,4,1,0,0,6031,-1.0,-1.0,0,false
11,1,0,2,5,1,0,0,6033,-1.0,-1.0,0,false
11,1,0,2,6,1,0,0,6036,-1.0,-1.0,0,false
11,1,0,3,0,6,2,1,3670,0.0418096,3.6399999,6,true
11,1,0,3,1,6,2,1,1803,0.04400744,1.76,6,true
11,1,0,3,2,6,2,1,3304,0.038549706,3.26,6,true
11,1,0,3,3,6,2,1,1803,0.041939445,1.76,6,true
11,1,0,3,4,6,2,1,3369,0.04026641,3.32,6,true
11,1,0,3,5,6,2,1,1629,0.048521828,1.5799999,6,true
11,1,0,3,6,6,2,1,2766,0.050717242,2.72,6,true
11,1,0,4,0,3,1,0,3477,0.03380486,3.26,3,true
11,1,0,4,1,3,1,0,2469,0.046164438,2.3999999,3,true
11,1,0,4,2,3,1,0,2538,0.040192697,2.3799999,3,true
11,1,0,4,3,3,1,0,4400,0.03101056,3.4399998,3,true
11,1,0,4,4,3,1,0,3538,0.030581757,3.34,3,true
11,1,0,4,5,3,1,0,2511,0.0465021,2.3,3,true
11,1,0,4,6,3,1,0,2582,0.04170341,2.3799999,3,true
11,1,0,5,0,4,1,1,1825,0.042432737,1.78,4,true
11,1,0,5,1,4,1,1,1537,0.0569056,1.04,4,true
11,1,0,5,2,4,1,1,2595,0.03451671,2.56,4,true
11,1,0,5,3,4,1,1,1345,0.04211015,1.3,4,true
11,1,0,5,4,4,1,1,2010,0.043472715,1.9799999,4,true
11,1,0,5,5,4,1,1,2177,0.035077475,2.1399999,4,true
11,1,0,5,6,4,1,1,1813,0.04248605,1.78,4,true
12,1,0,0,0,5,2,0,6067,-1.0,-1.0,0,false
12,1,0,0,1,5,2,0,5487,0.029641729,3.98,5,true
12,1,0,0,2,5,2,0,4507,0.034364983,3.98,5,true
12,1,0,0,3,5,2,0,6055,-1.0,-1.0,0,false
12,1,0,0,4,5,2,0,4308,0.032244757,3.9599998,5,true
12,1,0,0,5,5,2,0,3349,0.033453315,3.24,5,true
12,1,0,0,6,5,2,0,4166,0.035514418,3.9199998,5,true
12,1,0,1,0,6,2,1,3576,0.03703823,3.5,6,true
12,1,0,1,1,6,2,1,3281,0.040619053,3.1999998,6,true
12,1,0,1,2,6,2,1,2942,0.042648975,2.8799999,6,true
12,1,0,1,3,6,2,1,2846,0.05050306,2.74,6,true
12,1,0,1,4,6,2,1,2802,0.0419902,2.74,6,true
12,1,0,1,5,6,2,1,2170,0.050496012,2.08,6,true
12,1,0,1,6,6,2,1,2564,0.042207707,2.44,6,true
12,1,0,2,0,2,0,1,3896,0.042044003,3.82,2,true
12,1,0,2,1,2,0,1,5009,0.03849743,3.98,2,true
12,1,0,2,2,2,0,1,4857,0.04046862,3.98,2,true
12,1,0,2,3,2,0,1,6056,-1.0,-1.0,0,false
12,1,0,2,4,2,0,1,6077,-1.0,-1.0,0,false
12,1,0,2,5,2,0,1,6061,-1.0,-1.0,0,false
12,1,0,2,6,2,0,1,6059,-1.0,-1.0,0,false
12,1,0,3,0,1,0,0,5678,0.036755756,3.98,1,true
12,1,0,3,1,1,0,0,6080,-1.0,-1.0,0,false
12,1,0,3,2,1,0,0,4849,0.035846774,3.98,1,true
12,1,0,3,3,1,0,0,5327,0.031858746,3.98,1,true
12,1,0,3,4,1,0,0,5308,0.034632474,3.98,1,true
12,1,0,3,5,1,0,0,6076,-1.0,-1.0,0,false
12,1,0,3,6,1,0,0,6080,-1.0,-1.0,0,false
12,1,0,4,0,3,1,0,2917,0.056440294,2.74,3,true
12,1,0,4,1,3,1,0,2460,0.036774896,2.26,3,true
12,1,0,4,2,3,1,0,4756,0.023697644,3.98,3,true
12,1,0,4,3,3,1,0,2702,0.038361136,2.46,3,true
12,1,0,4,4,3,1,0,2709,0.03445167,2.52,3,true
12,1,0,4,5,3,1,0,2427,0.032832876,2.3,3,true
12,1,0,4,6,3,1,0,2392,0.03597368,2.26,3,true
12,1,0,5,0,4,1,1,3471,0.02635051,2.8799999,4,true
12,1,0,5,1,4,1,1,2420,0.02764082,2.32,4,true
12,1,0,5,2,4,1,1,2561,0.028560504,2.46,4,true
12,1,0,5,3,4,1,1,2185,0.031746216,2.08,4,true
12,1,0,5,4,4,1,1,3017,0.033133492,2.8799999,4,true
12,1,0,5,5,4,1,1,2525,0.028839268,2.4199998,4,true
12,1,0,5,6,4,1,1,2225,0.033857636,2.12,4,true
13,1,0,0,0,4,1,1,2818,0.02397992,2.2,4,true
13,1,0,0,1,4,1,1,2818,0.022326231,2.78,4,true
13,1,0,0,2,4,1,1,3291,0.026197048,3.24,4,true
13,1,0,0,3,4,1,1,2754,0.02877119,2.7,4,true
13,1,0,0,4,4,1,1,2086,0.027602294,2.04,4,true
13,1,0,0,5,4,1,1,3785,0.023514088,3.74,4,true
13,1,0,0,6,4,1,1,3155,0.024898678,3.12,4,true
13,1,0,1,0,3,1,0,3319,0.028340597,3.1,3,true
13,1,0,1,1,3,1,0,2942,0.027400378,2.72,3,true
13,1,0,1,2,3,1,0,3148,0.0281257,3.02,3,true
13,1,0,1,3,3,1,0,3085,0.035850026,2.6,3,true
13,1,0,1,4,3,1,0,2631,0.027431017,2.36,3,true
13,1,0,1,5,3,1,0,2786,0.030381724,2.7,3,true
13,1,0,1,6,3,1,0,2855,0.030680332,2.74,3,true
13,1,0,2,0,5,2,0,6031,-1.0,-1.0,0,false
13,1,0,2,1,5,2,0,4184,0.031405047,3.8999999,5,true
13,1,0,2,2,5,2,0,6045,-1.0,-1.0,0,false
13,1,0,2,3,5,2,0,4528,0.02682142,3.98,5,true
13,1,0,2,4,5,2,0,3891,0.02831724,3.76,5,true
13,1,0,2,5,5,2,0,6029,-1.0,-1.0,0,false
13,1,0,2,6,5,2,0,5216,0.029666562,3.98,5,true
13,1,0,3,0,2,0,1,3291,0.028014977,3.26,2,true
13,1,0,3,1,2,0,1,3126,0.03202089,3.08,2,true
13,1,0,3,2,2,0,1,2812,0.03429252,2.78,2,true
13,1,0,3,3,2,0,1,2646,0.033358946,2.6,2,true
13,1,0,3,4,2,0,1,2048,0.044573147,1.9599999,2,true
13,1,0,3,5,2,0,1,2236,0.029593963,2.2,2,true
13,1,0,3,6,2,0,1,2501,0.03658922,2.46,2,true
13,1,0,4,0,6,2,1,3707,0.032536365,3.6599998,6,true
13,1,0,4,1,6,2,1,4317,0.029028347,3.98,6,true
13,1,0,4,2,6,2,1,2737,0.030504588,2.7,6,true
13,1,0,4,3,6,2,1,5233,0.034859914,3.98,6,true
13,1,0,4,4,6,2,1,3373,0.0286208,3.34,6,true
13,1,0,4,5,6,2,1,2930,0.037099,2.8799999,6,true
13,1,0,4,6,6,2,1,5242,0.025241155,3.98,6,true
13,1,0,5,0,1,0,0,3233,0.028803015,3.0,1,true
13,1,0,5,1,1,0,0,3445,0.029410597,3.34,1,true
13,1,0,5,2,1,0,0,3187,0.031959843,3.1399999,1,true
13,1,0,5,3,1,0,0,3774,0.030971743,3.72,1,true
13,1,0,5,4,1,0,0,2725,0.029557828,2.6,1,true
13,1,0,5,5,1,0,0,3787,0.024605244,3.6999998,1,true
13,1,0,5,6,1,0,0,2934,0.030486561,2.7,1,true
2,1,0,0,0,1,0,0,3295,0.037373178,3.26,1,true
2,1,0,0,1,1,0,0,2318,0.05527849,2.12,1,true
2,1,0,0,2,1,0,0,2940,0.04537155,2.86,1,true
2,1,0,0,3,1,0,0,2574,0.048608907,2.46,1,true
2,1,0,0,4,1,0,0,2723,0.044050425,2.56,1,true
2,1,0,0,5,1,0,0,2435,0.05071083,2.3,1,true
2,1,0,0,6,1,0,0,2977,0.043419655,2.8,1,true
2,1,0,1,0,2,0,1,2066,0.05907446,1.56,2,true
2,1,0,1,1,2,0,1,2667,0.045204487,2.62,2,true
2,1,0,1,2,2,0,1,2494,0.04373254,2.46,2,true
2,1,0,1,3,2,0,1,2162,0.048633456,2.12,2,true
2,1,0,1,4,2,0,1,2266,0.046450913,2.22,2,true
2,1,0,1,5,2,0,1,2440,0.041989386,2.3999999,2,true
2,1,0,1,6,2,0,1,2967,0.037226904,2.9199998,2,true
2,1,0,2,0,5,2,0,4247,0.03364863,3.98,5,true
2,1,0,2,1,5,2,0,3679,0.03709597,3.6,5,true
2,1,0,2,2,5,2,0,4016,0.033105582,3.8,5,true
2,1,0,2,3,5,2,0,3450,0.030347582,3.24,5,true
2,1,0,2,4,5,2,0,2963,0.041080326,2.86,5,true
2,1,0,2,5,5,2,0,2840,0.037018854,2.76,5,true
2,1,0,2,6,5,2,0,3132,0.03527188,3.04,5,true
2,1,0,3,0,3,1,0,2339,0.033602152,2.2,3,true
2,1,0,3,1,3,1,0,1929,0.0333829,1.74,3,true
2,1,0,3,2,3,1,0,2779,0.032246865,2.7,3,true
2,1,0,3,3,3,1,0,2705,0.0301807,2.6599998,3,true
2,1,0,3,4,3,1,0,2001,0.034165535,1.9,3,true
2,1,0,3,5,3,1,0,2427,0.028724756,2.26,3,true
2,1,0,3,6,3,1,0,2183,0.032253068,2.0,3,true
2,1,0,4,0,4,1,1,2224,0.039117035,1.92,4,true
2,1,0,4,1,4,1,1,2326,0.038604937,2.28,4,true
2,1,0,4,2,4,1,1,2459,0.03690131,2.4199998,4,true
2,1,0,4,3,4,1,1,2017,0.036891058,1.9799999,4,true
2,1,0,4,4,4,1,1,2660,0.03207284,2.62,4,true
2,1,0,4,5,4,1,1,2356,0.03396046,2.32,4,true
2,1,0,4,6,4,1,1,2224,0.03897069,2.18,4,true
2,1,0,5,0,6,2,1,4691,0.036926668,3.98,6,true
2,1,0,5,1,6,2,1,3587,0.034818273,3.56,6,true
2,1,0,5,2,6,2,1,3195,0.037538905,3.1599998,6,true
2,1,0,5,3,6,2,1,3692,0.03382641,3.6399999,6,true
2,1,0,5,4,6,2,1,4088,0.026644673,3.98,6,true
2,1,0,5,5,6,2,1,3328,0.029173303,2.84,6,true
2,1,0,5,6,6,2,1,3475,0.028705452,3.4399998,6,true
3,1,0,0,0,2,0,1,2369,0.056778442,2.3,2,true
3,1,0,0,1,2,0,1,2156,0.044481367,2.12,2,true
3,1,0,0,2,2,0,1,2692,0.050557554,2.62,2,true
3,1,0,0,3,2,0,1,3260,0.042876422,3.1799998,2,true
3,1,0,0,4,2,0,1,2214,0.04844814,2.12,2,true
3,1,0,0,5,2,0,1,2559,0.04680283,2.52,2,true
3,1,0,0,6,2,0,1,2537,0.04653235,2.44,2,true
3,1,0,1,0,5,2,0,3186,0.03800901,3.1,5,true
3,1,0,1,1,5,2,0,3232,0.04204137,3.04,5,true
3,1,0,1,2,5,2,0,2900,0.04600963,2.4199998,5,true
3,1,0,1,3,5,2,0,2851,0.040232714,2.72,5,true
3,1,0,1,4,5,2,0,2857,0.04361731,2.74,5,true
3,1,0,1,5,5,2,0,2881,0.034415513,2.76,5,true
3,1,0,1,6,5,2,0,3675,0.031532727,3.4399998,5,true
3,1,0,2,0,1,0,0,2421,0.061351858,2.22,1,true
3,1,0,2,1,1,0,0,3211,0.04212325,3.06,1,true
3,1,0,2,2,1,0,0,2296,0.059955493,2.2,1,true
3,1,0,2,3,1,0,0,2441,0.059941538,2.28,1,true
3,1,0,2,4,1,0,0,2332,0.06190709,2.22,1,true
3,1,0,2,5,1,0,0,2367,0.057884324,2.24,1,true
3,1,0,2,6,1,0,0,2161,0.06728211,1.9599999,1,true
3,1,0,3,0,6,2,1,2934,0.03982816,2.8999999,6,true
3,1,0,3,1,6,2,1,3193,0.04076557,3.1399999,6,true
3,1,0,3,2,6,2,1,3598,0.03769098,3.54,6,true
3,1,0,3,3,6,2,1,3069,0.049435556,3.02,6,true
3,1,0,3,4,6,2,1,2128,0.039154787,2.08,6,true
3,1,0,3,5,6,2,1,3476,0.040842578,3.4199998,6,true
3,1,0,3,6,6,2,1,2347,0.041929748,2.3,6,true
3,1,0,4,0,4,1,1,1917,0.031500723,1.88,4,true
3,1,0,4,1,4,1,1,2659,0.026006855,2.58,4,true
3,1,0,4,2,4,1,1,1689,0.034297496,1.66,4,true
3,1,0,4,3,4,1,1,1843,0.034347843,1.78,4,true
3,1,0,4,4,4,1,1,1340,0.030763395,1.3,4,true
3,1,0,4,5,4,1,1,2134,0.03320317,2.1,4,true
3,1,0,4,6,4,1,1,1472,0.036120094,1.42,4,true
3,1,0,5,0,3,1,0,1803,0.03781276,1.6999999,3,true
3,1,0,5,1,3,1,0,2107,0.03770431,2.0,3,true
3,1,0,5,2,3,1,0,1990,0.039276388,1.8399999,3,true
3,1,0,5,3,3,1,0,2034,0.034494612,1.88,3,true
3,1,0,5,4,3,1,0,2081,0.0383671,1.9799999,3,true
3,1,0,5,5,3,1,0,2262,0.036683112,2.06,3,true
3,1,0,5,6,3,1,0,2112,0.034497198,1.9799999,3,true
4,1,0,0,0,3,1,0,2896,0.03400249,2.6799998,3,true
4,1,0,0,1,3,1,0,3027,0.041362427,2.9399998,3,true
4,1,0,0,2,3,1,0,2344,0.04053027,2.24,3,true
4,1,0,0,3,3,1,0,2242,0.04132646,2.04,3,true
4,1,0,0,4,3,1,0,2184,0.04243888,1.9799999,3,true
4,1,0,0,5,3,1,0,2148,0.042465903,2.0,3,true
4,1,0,0,6,3,1,0,2441,0.039450143,2.32,3,true
4,1,0,1,0,5,2,0,3755,0.029373199,3.6799998,5,true
4,1,0,1,1,5,2,0,2890,0.043630186,2.6399999,5,true
4,1,0,1,2,5,2,0,4481,0.04778564,3.98,5,true
4,1,0,1,3,5,2,0,2834,0.04147117,2.7,5,true
4,1,0,1,4,5,2,0,2906,0.04158146,2.76,5,true
4,1,0,1,5,5,2,0,6058,-1.0,-1.0,0,false
4,1,0,1,6,5,2,0,2580,0.045051605,2.46,5,true
4,1,0,2,0,6,2,1,3226,0.045382537,3.1599998,6,true
4,1,0,2,1,6,2,1,3396,0.04475162,3.32,6,true
4,1,0,2,2,6,2,1,3233,0.043648787,3.1599998,6,true
4,1,0,2,3,6,2,1,6055,-1.0,-1.0,0,false
4,1,0,2,4,6,2,1,6054,-1.0,-1.0,0,false
4,1,0,2,5,6,2,1,2868,0.05051676,2.8,6,true
4,1,0,2,6,6,2,1,3116,0.049089618,3.04,6,true
4,1,0,3,0,1,0,0,2997,0.0552444,2.8,1,true
4,1,0,3,1,1,0,0,3498,0.045799017,3.36,1,true
4,1,0,3,2,1,0,0,3418,0.05205756,3.3,1,true
4,1,0,3,3,1,0,0,3794,0.04740239,3.6,1,true
4,1,0,3,4,1,0,0,3683,0.0491305,3.54,1,true
4,1,0,3,5,1,0,0,2975,0.059961826,2.76,1,true
4,1,0,3,6,1,0,0,3375,0.051725984,3.1999998,1,true
4,1,0,4,0,4,1,1,2831,0.0316835,2.74,4,true
4,1,0,4,1,4,1,1,2999,0.033027243,2.9199998,4,true
4,1,0,4,2,4,1,1,2811,0.04167286,2.6599998,4,true
4,1,0,4,3,4,1,1,2457,0.03659755,2.36,4,true
4,1,0,4,4,4,1,1,2453,0.038547248,2.34,4,true
4,1,0,4,5,4,1,1,2120,0.039328456,2.02,4,true
4,1,0,4,6,4,1,1,2920,0.038570385,2.3999999,4,true
4,1,0,5,0,2,0,1,3415,0.045822695,3.22,2,true
4,1,0,5,1,2,0,1,2865,0.048776865,2.7,2,true
4,1,0,5,2,2,0,1,2158,0.057835687,2.06,2,true
4,1,0,5,3,2,0,1,1951,0.059378304,1.86,2,true
4,1,0,5,4,2,0,1,1946,0.057825096,1.8399999,2,true
4,1,0,5,5,2,0,1,2603,0.055219825,2.52,2,true
4,1,0,5,6,2,0,1,2891,0.04622063,2.82,2,true
6,1,0,0,0,3,1,0,2260,0.040067475,2.04,3,true
6,1,0,0,1,3,1,0,2135,0.030277777,1.92,3,true
6,1,0,0,2,3,1,0,2324,0.036379036,2.12,3,true
6,1,0,0,3,3,1,0,2979,0.03477896,2.84,3,true
6,1,0,0,4,3,1,0,3726,0.03125477,3.54,3,true
6,1,0,0,5,3,1,0,2469,0.03471032,2.4199998,3,true
6,1,0,0,6,3,1,0,2320,0.041287743,2.22,3,true
6,1,0,1,0,2,0,1,6022,-1.0,-1.0,0,false
6,1,0,1,1,2,0,1,6035,-1.0,-1.0,0,false
6,1,0,1,2,2,0,1,4324,0.041739002,3.98,2,true
6,1,0,1,3,2,0,1,3865,0.044554457,3.84,2,true
6,1,0,1,4,2,0,1,4596,0.036933452,3.98,2,true
6,1,0,1,5,2,0,1,3457,0.046736293,3.4199998,2,true
6,1,0,1,6,2,0,1,2836,0.05576642,2.8,2,true
6,1,0,2,0,5,2,0,4276,0.036426194,3.98,5,true
6,1,0,2,1,5,2,0,3463,0.03989452,3.24,5,true
6,1,0,2,2,5,2,0,3653,0.04389533,3.54,5,true
6,1,0,2,3,5,2,0,3768,0.035045598,3.62,5,true
6,1,0,2,4,5,2,0,3981,0.04324184,3.76,5,true
6,1,0,2,5,5,2,0,3391,0.036002655,3.3,5,true
6,1,0,2,6,5,2,0,3436,0.044166043,3.3,5,true
6,1,0,3,0,1,0,0,3327,0.046185575,3.24,1,true
6,1,0,3,1,1,0,0,3222,0.04819513,3.1599998,1,true
6,1,0,3,2,1,0,0,2940,0.05045646,2.84,1,true
6,1,0,3,3,1,0,0,3299,0.048817102,3.24,1,true
6,1,0,3,4,1,0,0,3111,0.050573528,3.06,1,true
6,1,0,3,5,1,0,0,2926,0.054802768,2.7,1,true
6,1,0,3,6,1,0,0,3587,0.04986529,3.54,1,true
6,1,0,4,0,4,1,1,2427,0.037629716,2.3999999,4,true
6,1,0,4,1,4,1,1,2125,0.039796222,2.08,4,true
6,1,0,4,2,4,1,1,2293,0.036434,2.26,4,true
6,1,0,4,3,4,1,1,2866,0.0341693,2.72,4,true
6,1,0,4,4,4,1,1,2445,0.03722302,2.3999999,4,true
6,1,0,4,5,4,1,1,2897,0.032839157,2.76,4,true
6,1,0,4,6,4,1,1,2260,0.03571145,2.22,4,true
6,1,0,5,0,6,2,1,4015,0.04196554,3.98,6,true
6,1,0,5,1,6,2,1,3234,0.04271637,3.1999998,6,true
6,1,0,5,2,6,2,1,3522,0.03751473,3.48,6,true
6,1,0,5,3,6,2,1,3811,0.038628027,3.78,6,true
6,1,0,5,4,6,2,1,3372,0.04362487,3.34,6,true
6,1,0,5,5,6,2,1,3398,0.04458107,3.36,6,true
6,1,0,5,6,6,2,1,3274,0.041934326,3.24,6,true
7,1,0,0,0,1,0,0,5206,0.029114347,3.98,1,true
7,1,0,0,1,1,0,0,5124,0.03335945,3.98,1,true
7,1,0,0,2,1,0,0,4795,0.028749645,3.98,1,true
7,1,0,0,3,1,0,0,4682,0.029711757,3.98,1,true
7,1,0,0,4,1,0,0,4557,0.03024204,3.98,1,true
7,1,0,0,5,1,0,0,5283,0.028539397,3.98,1,true
7,1,0,0,6,1,0,0,5051,0.02914612,3.98,1,true
7,1,0,1,0,2,0,1,3748,0.028615393,3.6999998,2,true
7,1,0,1,1,2,0,1,4099,0.025196888,3.98,2,true
7,1,0,1,2,2,0,1,4867,0.028656185,3.98,2,true
7,1,0,1,3,2,0,1,5504,0.024711993,3.98,2,true
7,1,0,1,4,2,0,1,4324,0.03142759,3.98,2,true
7,1,0,1,5,2,0,1,4556,0.030019086,3.98,2,true
7,1,0,1,6,2,0,1,6034,-1.0,-1.0,0,false
7,1,0,2,0,5,2,0,3105,0.03589101,2.8799999,5,true
7,1,0,2,1,5,2,0,4650,0.036937036,3.98,5,true
7,1,0,2,2,5,2,0,3776,0.031997908,3.6999998,5,true
7,1,0,2,3,5,2,0,3468,0.033980574,3.34,5,true
7,1,0,2,4,5,2,0,3605,0.035348497,3.52,5,true
7,1,0,2,5,5,2,0,3779,0.030559596,3.6399999,5,true
7,1,0,2,6,5,2,0,3042,0.03578054,2.84,5,true
7,1,0,3,0,6,2,1,3883,0.034055248,3.84,6,true
7,1,0,3,1,6,2,1,3218,0.03315299,3.12,6,true
7,1,0,3,2,6,2,1,4005,0.0289238,3.9599998,6,true
7,1,0,3,3,6,2,1,3742,0.031437896,3.6999998,6,true
7,1,0,3,4,6,2,1,3762,0.031694222,3.72,6,true
7,1,0,3,5,6,2,1,3052,0.031425875,3.02,6,true
7,1,0,3,6,6,2,1,3232,0.032304965,3.1799998,6,true
7,1,0,4,0,4,1,1,2362,0.03148356,2.18,4,true
7,1,0,4,1,4,1,1,2011,0.030928016,1.9599999,4,true
7,1,0,4,2,4,1,1,2375,0.02946783,2.26,4,true
7,1,0,4,3,4,1,1,2272,0.029290918,2.24,4,true
7,1,0,4,4,4,1,1,2099,0.028904771,2.06,4,true
7,1,0,4,5,4,1,1,1985,0.033934362,1.9399999,4,true
7,1,0,4,6,4,1,1,2085,0.031723965,2.0,4,true
7,1,0,5,0,3,1,0,3802,0.024462877,3.6,3,true
7,1,0,5,1,3,1,0,3408,0.026256785,3.1799998,3,true
7,1,0,5,2,3,1,0,3141,0.02486303,3.08,3,true
7,1,0,5,3,3,1,0,3866,0.027112499,3.78,3,true
7,1,0,5,4,3,1,0,2759,0.03141236,2.6,3,true
7,1,0,5,5,3,1,0,3662,0.027965281,3.58,3,true
7,1,0,5,6,3,1,0,2827,0.028652076,2.7,3,true
8,1,0,0,0,4,1,1,2750,0.034668364,2.72,4,true
8,1,0,0,1,4,1,1,2222,0.04074305,2.18,4,true
8,1,0,0,2,4,1,1,2115,0.036618587,2.08,4,true
8,1,0,0,3,4,1,1,1721,0.038692165,1.68,4,true
8,1,0,0,4,4,1,1,2112,0.04052882,2.08,4,true
8,1,0,0,5,4,1,1,2286,0.038844403,2.24,4,true
8,1,0,0,6,4,1,1,1748,0.035310023,1.6999999,4,true
8,1,0,1,0,1,0,0,4626,0.039110016,3.98,1,true
8,1,0,1,1,1,0,0,3333,0.037308004,3.26,1,true
8,1,0,1,2,1,0,0,4815,0.032073434,3.98,1,true
8,1,0,1,3,1,0,0,3756,0.031391457,3.6,1,true
8,1,0,1,4,1,0,0,4084,0.037703715,3.9199998,1,true
8,1,0,1,5,1,0,0,4053,0.034733895,3.8799999,1,true
8,1,0,1,6,1,0,0,4034,0.036302775,3.82,1,true
8,1,0,2,0,2,0,1,2735,0.040350776,2.6799998,2,true
8,1,0,2,1,2,0,1,2754,0.039749123,2.7,2,true
8,1,0,2,2,2,0,1,3651,0.03277334,3.6,2,true
8,1,0,2,3,2,0,1,3801,0.030721866,3.76,2,true
8,1,0,2,4,2,0,1,3241,0.033237144,3.1799998,2,true
8,1,0,2,5,2,0,1,2699,0.039787706,2.6599998,2,true
8,1,0,2,6,2,0,1,3537,0.03166004,3.48,2,true
8,1,0,3,0,5,2,0,3115,0.041761648,2.8999999,5,true
8,1,0,3,1,5,2,0,2552,0.049366266,2.5,5,true
8,1,0,3,2,5,2,0,3289,0.037859276,3.1399999,5,true
8,1,0,3,3,5,2,0,6018,-1.0,-1.0,0,false
8,1,0,3,4,5,2,0,3400,0.03374839,3.36,5,true
8,1,0,3,5,5,2,0,2781,0.038813267,2.72,5,true
8,1,0,3,6,5,2,0,2865,0.044996113,2.78,5,true
8,1,0,4,0,3,1,0,2598,0.03867327,2.48,3,true
8,1,0,4,1,3,1,0,2647,0.039511163,2.44,3,true
8,1,0,4,2,3,1,0,2526,0.035677724,2.48,3,true
8,1,0,4,3,3,1,0,1429,0.046302542,1.26,3,true
8,1,0,4,4,3,1,0,2375,0.03800048,2.22,3,true
8,1,0,4,5,3,1,0,2494,0.03514956,2.3999999,3,true
8,1,0,4,6,3,1,0,2981,0.03205056,2.82,3,true
8,1,0,5,0,6,2,1,4000,0.03999234,3.9599998,6,true
8,1,0,5,1,6,2,1,3784,0.04470581,3.74,6,true
8,1,0,5,2,6,2,1,3023,0.04357568,2.98,6,true
8,1,0,5,3,6,2,1,3754,0.03796579,3.1,6,true
8,1,0,5,4,6,2,1,3215,0.047418162,3.1799998,6,true
8,1,0,5,5,6,2,1,3801,0.03985314,2.8799999,6,true
8,1,0,5,6,6,2,1,3896,0.034956403,3.58,6,true
9,1,0,0,0,4,1,1,3276,0.031224063,2.62,4,true
9,1,0,0,1,4,1,1,2235,0.04185396,2.18,4,true
9,1,0,0,2,4,1,1,1778,0.044700414,1.7199999,4,true
9,1,0,0,3,4,1,1,1472,0.050541982,1.42,4,true
9,1,0,0,4,4,1,1,2121,0.03938689,2.06,4,true
9,1,0,0,5,4,1,1,1776,0.051371343,1.7199999,4,true
9,1,0,0,6,4,1,1,1569,0.041654497,1.52,4,true
9,1,0,1,0,2,0,1,3942,0.04649512,3.8799999,2,true
9,1,0,1,1,2,0,1,6036,-1.0,-1.0,0,false
9,1,0,1,2,2,0,1,4129,0.04111509,3.98,2,true
9,1,0,1,3,2,0,1,4733,0.04469125,3.98,2,true
9,1,0,1,4,2,0,1,5497,0.049221165,3.8799999,2,true
9,1,0,1,5,2,0,1,3765,0.04618124,3.72,2,true
9,1,0,1,6,2,0,1,3551,0.045692436,3.5,2,true
9,1,0,2,0,3,1,0,3832,0.029905243,3.72,3,true
9,1,0,2,1,3,1,0,3213,0.038647205,3.1399999,3,true
9,1,0,2,2,3,1,0,3542,0.04738844,3.4399998,3,true
9,1,0,2,3,3,1,0,3931,0.038779866,3.82,3,true
9,1,0,2,4,3,1,0,2458,0.044832084,2.28,3,true
9,1,0,2,5,3,1,0,2828,0.031413894,2.6799998,3,true
9,1,0,2,6,3,1,0,5235,0.024959676,3.98,3,true
9,1,0,3,0,5,2,0,6042,-1.0,-1.0,0,false
9,1,0,3,1,5,2,0,3633,0.033698946,3.5,5,true
9,1,0,3,2,5,2,0,3836,0.032656793,3.74,5,true
9,1,0,3,3,5,2,0,3984,0.031940527,3.9399998,5,true
9,1,0,3,4,5,2,0,3815,0.040602446,3.6,5,true
9,1,0,3,5,5,2,0,3680,0.036559183,3.46,5,true
9,1,0,3,6,5,2,0,3510,0.03372645,3.4399998,5,true
9,1,0,4,0,1,0,0,6037,-1.0,-1.0,0,false
9,1,0,4,1,1,0,0,4398,0.054435123,3.98,1,true
9,1,0,4,2,1,0,0,4455,0.04340113,3.98,1,true
9,1,0,4,3,1,0,0,4328,0.044396415,3.98,1,true
9,1,0,4,4,1,0,0,4139,0.046462648,3.98,1,true
9,1,0,4,5,1,0,0,4093,0.04511705,3.86,1,true
9,1,0,4,6,1,0,0,3841,0.04086581,3.6599998,1,true
9,1,0,5,0,6,2,1,4206,0.04212559,3.98,6,true
9,1,0,5,1,6,2,1,4439,0.044172123,3.98,6,true
9,1,0,5,2,6,2,1,3432,0.03966235,3.3799999,6,true
9,1,0,5,3,6,2,1,3677,0.038688086,3.62,6,true
9,1,0,5,4,6,2,1,4737,0.037829727,3.98,6,true
9,1,0,5,5,6,2,1,3079,0.051317587,3.02,6,true
9,1,0,5,6,6,2,1,3539,0.05077324,3.48,6,true
1,1,1,0,0,5,2,0,3441,0.04517413,3.26,5,true
1,1,1,0,1,5,2,0,2804,0.056626096,2.72,5,true
1,1,1,0,2,5,2,0,3040,0.052101515,2.96,5,true
1,1,1,0,3,5,2,0,2713,0.05655712,2.46,5,true
1,1,1,0,4,5,2,0,3720,0.05111818,3.6,5,true
1,1,1,0,5,5,2,0,3139,0.056052674,2.9199998,5,true
1,1,1,0,6,5,2,0,3048,0.05152861,3.0,5,true
1,1,1,1,0,4,1,1,3011,0.035814095,1.86,4,true
1,1,1,1,1,4,1,1,1763,0.036127456,1.74,4,true
1,1,1,1,2,4,1,1,1756,0.04021779,1.7199999,4,true
1,1,1,1,3,4,1,1,1373,0.03676058,1.3399999,4,true
1,1,1,1,4,4,1,1,1660,0.039075144,1.62,4,true
1,1,1,1,5,4,1,1,1639,0.036107503,1.5999999,4,true
1,1,1,1,6,4,1,1,2410,0.02902831,2.36,4,true
1,1,1,2,0,1,0,0,4389,0.029143997,3.98,1,true
1,1,1,2,1,1,0,0,4374,0.032608345,3.98,1,true
1,1,1,2,2,1,0,0,3984,0.037095573,3.78,1,true
1,1,1,2,3,1,0,0,3488,0.04082311,3.3799999,1,true
1,1,1,2,4,1,0,0,3032,0.044194177,2.82,1,true
1,1,1,2,5,1,0,0,3342,0.04519423,3.3,1,true
1,1,1,2,6,1,0,0,3205,0.04702372,3.0,1,true
1,1,1,3,0,6,2,1,3012,0.046870504,2.98,6,true
1,1,1,3,1,6,2,1,2623,0.043486714,2.58,6,true
1,1,1,3,2,6,2,1,2902,0.044588387,2.86,6,true
1,1,1,3,3,6,2,1,2246,0.045985773,2.2,6,true
1,1,1,3,4,6,2,1,6005,-1.0,-1.0,0,false
1,1,1,3,5,6,2,1,2600,0.048383355,2.56,6,true
1,1,1,3,6,6,2,1,2685,0.04699609,2.6399999,6,true
1,1,1,4,0,2,0,1,3165,0.050075773,3.12,2,true
1,1,1,4,1,2,0,1,2234,0.0487186,2.2,2,true
1,1,1,4,2,2,0,1,2312,0.04480084,2.26,2,true
1,1,1,4,3,2,0,1,2824,0.04167672,2.78,2,true
1,1,1,4,4,2,0,1,2682,0.04585614,2.6399999,2,true
1,1,1,4,5,2,0,1,2192,0.045887243,2.1599998,2,true
1,1,1,4,6,2,0,1,2187,0.0472598,2.1599998,2,true
1,1,1,5,0,3,1,0,2525,0.038632214,2.32,3,true
1,1,1,5,1,3,1,0,1824,0.041869957,1.78,3,true
1,1,1,5,2,3,1,0,2141,0.041161936,1.9799999,3,true
1,1,1,5,3,3,1,0,1971,0.037241846,1.9399999,3,true
1,1,1,5,4,3,1,0,1770,0.03962072,1.6999999,3,true
1,1,1,5,5,3,1,0,1801,0.03979096,1.62,3,true
1,1,1,5,6,3,1,0,1810,0.040403735,1.68,3,true
10,1,1,0,0,5,2,0,3676,0.04017161,3.3,5,true
10,1,1,0,1,5,2,0,2416,0.06281091,2.2,5,true
10,1,1,0,2,5,2,0,2860,0.05125492,2.76,5,true
10,1,1,0,3,5,2,0,2965,0.04195497,2.9199998,5,true
10,1,1,0,4,5,2,0,2534,0.05537278,2.3799999,5,true
10,1,1,0,5,5,2,0,2307,0.055910055,2.18,5,true
10,1,1,0,6,5,2,0,2705,0.04899533,2.62,5,true
10,1,1,1,0,4,1,1,2194,0.043237284,1.78,4,true
10,1,1,1,1,4,1,1,1569,0.050767988,1.52,4,true
10,1,1,1,2,4,1,1,1709,0.04196237,1.68,4,true
10,1,1,1,3,4,1,1,1712,0.04627198,1.68,4,true
10,1,1,1,4,4,1,1,1880,0.045366447,1.8199999,4,true
10,1,1,1,5,4,1,1,1792,0.046768393,1.7199999,4,true
10,1,1,1,6,4,1,1,1673,0.048459914,1.62,4,true
10,1,1,2,0,1,0,0,3528,0.053235233,3.28,1,true
10,1,1,2,1,1,0,0,4502,0.03822348,3.86,1,true
10,1,1,2,2,1,0,0,4587,0.04043547,3.98,1,true
10,1,1,2,3,1,0,0,2941,0.050427485,2.8799999,1,true
10,1,1,2,4,1,0,0,3152,0.052628096,3.04,1,true
10,1,1,2,5,1,0,0,2917,0.057870656,2.76,1,true
10,1,1,2,6,1,0,0,3376,0.042794526,3.26,1,true
10,1,1,3,0,6,2,1,2406,0.059253573,2.3799999,6,true
10,1,1,3,1,6,2,1,3625,0.044625334,3.58,6,true
10,1,1,3,2,6,2,1,2629,0.056688316,2.6,6,true
10,1,1,3,3,6,2,1,2587,0.052107763,2.44,6,true
10,1,1,3,4,6,2,1,2368,0.056230642,2.32,6,true
10,1,1,3,5,6,2,1,2264,0.06185718,2.18,6,true
10,1,1,3,6,6,2,1,6029,-1.0,-1.0,0,false
10,1,1,4,0,3,1,0,2215,0.04744731,2.06,3,true
10,1,1,4,1,3,1,0,1822,0.047120713,1.66,3,true
10,1,1,4,2,3,1,0,1995,0.04832058,1.9,3,true
10,1,1,4,3,3,1,0,2174,0.043409668,2.12,3,true
10,1,1,4,4,3,1,0,2057,0.046342917,1.9599999,3,true
10,1,1,4,5,3,1,0,1714,0.060328748,1.52,3,true
10,1,1,4,6,3,1,0,2611,0.040518705,2.3999999,3,true
10,1,1,5,0,2,0,1,4579,0.046608087,2.8799999,2,true
10,1,1,5,1,2,0,1,2797,0.058899067,2.56,2,true
10,1,1,5,2,2,0,1,3127,0.04893395,3.08,2,true
10,1,1,5,3,2,0,1,2539,0.056075547,2.5,2,true
10,1,1,5,4,2,0,1,2734,0.052042224,2.7,2,true
10,1,1,5,5,2,0,1,2582,0.056908015,2.54,2,true
10,1,1,5,6,2,0,1,2682,0.057538483,2.62,2,true
11,1,1,0,0,2,0,1,3860,0.061216943,3.82,2,true
11,1,1,0,1,2,0,1,6034,-1.0,-1.0,0,false
11,1,1,0,2,2,0,1,3952,0.055968374,3.9199998,2,true
11,1,1,0,3,2,0,1,6036,-1.0,-1.0,0,false
11,1,1,0,4,2,0,1,4490,0.054320216,3.98,2,true
11,1,1,0,5,2,0,1,4923,0.0441382,3.98,2,true
11,1,1,0,6,2,0,1,3452,0.05778455,3.4199998,2,true
11,1,1,1,0,6,2,1,3040,0.04771007,3.0,6,true
11,1,1,1,1,6,2,1,2007,0.056806747,1.9599999,6,true
11,1,1,1,2,6,2,1,3205,0.051356748,3.1599998,6,true
11,1,1,1,3,6,2,1,6034,-1.0,-1.0,0,false
11,1,1,1,4,6,2,1,1969,0.05973888,1.9399999,6,true
11,1,1,1,5,6,2,1,1836,0.05494733,1.8,6,true
11,1,1,1,6,6,2,1,4013,0.045317255,3.9599998,6,true
11,1,1,2,0,3,1,0,6035,-1.0,-1.0,0,false
11,1,1,2,1,3,1,0,2296,0.04637,2.1599998,3,true
11,1,1,2,2,3,1,0,2349,0.045820106,2.28,3,true
11,1,1,2,3,3,1,0,6034,-1.0,-1.0,0,false
11,1,1,2,4,3,1,0,6034,-1.0,-1.0,0,false
11,1,1,2,5,3,1,0,3606,0.03533465,3.46,3,true
11,1,1,2,6,3,1,0,2260,0.045993093,2.2,3,true
11,1,1,3,0,4,1,1,2068,0.05634284,1.8,4,true
11,1,1,3,1,4,1,1,6028,-1.0,-1.0,0,false
11,1,1,3,2,4,1,1,1174,0.054197945,1.14,4,true
11,1,1,3,3,4,1,1,1539,0.05144174,1.5,4,true
11,1,1,3,4,4,1,1,1305,0.05654499,1.26,4,true
11,1,1,3,5,4,1,1,2382,0.040779423,2.3,4,true
11,1,1,3,6,4,1,1,2243,0.03935217,2.2,4,true
11,1,1,4,0,1,0,0,4174,0.054774273,3.98,1,true
11,1,1,4,1,1,0,0,6033,-1.0,-1.0,0,false
11,1,1,4,2,1,0,0,6034,-1.0,-1.0,0,false
11,1,1,4,3,1,0,0,6033,-1.0,-1.0,0,false
11,1,1,4,4,1,0,0,6080,0.049462005,3.8999999,1,true
11,1,1,4,5,1,0,0,6030,-1.0,-1.0,0,false
11,1,1,4,6,1,0,0,6031,-1.0,-1.0,0,false
11,1,1,5,0,5,2,0,4036,0.042916495,3.9399998,5,true
11,1,1,5,1,5,2,0,6032,-1.0,-1.0,0,false
11,1,1,5,2,5,2,0,6035,-1.0,-1.0,0,false
11,1,1,5,3,5,2,0,3734,0.04069661,3.6,5,true
11,1,1,5,4,5,2,0,6009,-1.0,-1.0,0,false
11,1,1,5,5,5,2,0,3136,0.04712125,2.9199998,5,true
11,1,1,5,6,5,2,0,6030,-1.0,-1.0,0,false
12,1,1,0,0,3,1,0,5545,0.03178081,3.98,3,true
12,1,1,0,1,3,1,0,5469,0.034082506,2.3,3,true
12,1,1,0,2,3,1,0,2022,0.03314428,1.9399999,3,true
12,1,1,0,3,3,1,0,6059,-1.0,-1.0,0,false
12,1,1,0,4,3,1,0,3432,0.03063687,3.1799998,3,true
12,1,1,0,5,3,1,0,2874,0.03668928,2.78,3,true
12,1,1,0,6,3,1,0,2850,0.037487607,2.6799998,3,true
12,1,1,1,0,4,1,1,2797,0.026847739,2.3999999,4,true
12,1,1,1,1,4,1,1,2285,0.026783261,2.02,4,true
12,1,1,1,2,4,1,1,2620,0.028881956,2.52,4,true
12,1,1,1,3,4,1,1,2482,0.027963094,2.3799999,4,true
12,1,1,1,4,4,1,1,2092,0.028727513,2.02,4,true
12,1,1,1,5,4,1,1,2376,0.02861452,2.24,4,true
12,1,1,1,6,4,1,1,2864,0.028940493,2.72,4,true
12,1,1,2,0,2,0,1,6063,-1.0,-1.0,0,false
12,1,1,2,1,2,0,1,4057,0.033600517,3.74,2,true
12,1,1,2,2,2,0,1,6068,-1.0,-1.0,0,false
12,1,1,2,3,2,0,1,2951,0.03505691,2.8799999,2,true
12,1,1,2,4,2,0,1,4520,0.034916393,3.98,2,true
12,1,1,2,5,2,0,1,4722,0.03526835,3.98,2,true
12,1,1,2,6,2,0,1,3583,0.034473345,3.52,2,true
12,1,1,3,0,1,0,0,6055,-1.0,-1.0,0,false
12,1,1,3,1,1,0,0,4974,0.03172782,3.98,1,true
12,1,1,3,2,1,0,0,4181,0.035223566,3.98,1,true
12,1,1,3,3,1,0,0,5571,0.02764915,3.98,1,true
12,1,1,3,4,1,0,0,4410,0.034011763,3.98,1,true
12,1,1,3,5,1,0,0,5051,0.032226175,3.98,1,true
12,1,1,3,6,1,0,0,5131,0.0303653,3.98,1,true
12,1,1,4,0,5,2,0,3493,0.03334916,3.34,5,true
12,1,1,4,1,5,2,0,3148,0.042826414,2.9399998,5,true
12,1,1,4,2,5,2,0,3417,0.045729004,3.24,5,true
12,1,1,4,3,5,2,0,3169,0.047061823,2.9399998,5,true
12,1,1,4,4,5,2,0,3760,0.037367716,3.6799998,5,true
12,1,1,4,5,5,2,0,3394,0.043601718,3.1399999,5,true
12,1,1,4,6,5,2,0,3590,0.047179252,3.48,5,true
12,1,1,5,0,6,2,1,3775,0.037911277,3.6,6,true
12,1,1,5,1,6,2,1,3219,0.046655472,3.1599998,6,true
12,1,1,5,2,6,2,1,3346,0.043212857,3.28,6,true
12,1,1,5,3,6,2,1,3307,0.04138649,3.24,6,true
12,1,1,5,4,6,2,1,3143,0.04330039,3.08,6,true
12,1,1,5,5,6,2,1,2880,0.042517222,2.78,6,true
12,1,1,5,6,6,2,1,3110,0.040157754,3.04,6,true
13,1,1,0,0,5,2,0,6037,-1.0,-1.0,0,false
13,1,1,0,1,5,2,0,3658,0.033542287,3.46,5,true
13,1,1,0,2,5,2,0,4150,0.0296202,3.98,5,true
13,1,1,0,3,5,2,0,3482,0.03336653,3.32,5,true
13,1,1,0,4,5,2,0,3975,0.028295103,3.86,5,true
13,1,1,0,5,5,2,0,3426,0.03057245,3.22,5,true
13,1,1,0,6,5,2,0,3233,0.03268885,3.1,5,true
13,1,1,1,0,6,2,1,4272,0.031932253,3.98,6,true
13,1,1,1,1,6,2,1,2687,0.040459428,2.48,6,true
13,1,1,1,2,6,2,1,2761,0.038479857,2.72,6,true
13,1,1,1,3,6,2,1,3668,0.029673558,3.6399999,6,true
13,1,1,1,4,6,2,1,3961,0.03214311,3.9199998,6,true
13,1,1,1,5,6,2,1,4970,0.028894989,3.98,6,true
13,1,1,1,6,6,2,1,3433,0.028560683,3.3999999,6,true
13,1,1,2,0,4,1,1,1883,0.03146673,1.8399999,4,true
13,1,1,2,1,4,1,1,2784,0.031509448,2.74,4,true
13,1,1,2,2,4,1,1,2560,0.031707525,2.52,4,true
13,1,1,2,3,4,1,1,1824,0.03502408,1.78,4,true
13,1,1,2,4,4,1,1,2107,0.033012435,2.04,4,true
13,1,1,2,5,4,1,1,2024,0.0341538,1.9799999,4,true
13,1,1,2,6,4,1,1,1741,0.038813625,1.68,4,true
13,1,1,3,0,1,0,0,3007,0.026848752,2.9199998,1,true
13,1,1,3,1,1,0,0,3919,0.023869585,3.8,1,true
13,1,1,3,2,1,0,0,2970,0.026496481,2.8999999,1,true
13,1,1,3,3,1,0,0,4043,0.022428729,3.62,1,true
13,1,1,3,4,1,0,0,4791,0.02415276,3.58,1,true
13,1,1,3,5,1,0,0,3524,0.029199626,3.3,1,true
13,1,1,3,6,1,0,0,3445,0.023065498,3.26,1,true
13,1,1,4,0,2,0,1,2534,0.034877248,2.5,2,true
13,1,1,4,1,2,0,1,2865,0.036231928,2.82,2,true
13,1,1,4,2,2,0,1,2406,0.038515583,2.36,2,true
13,1,1,4,3,2,0,1,2943,0.034606863,2.8999999,2,true
13,1,1,4,4,2,0,1,2526,0.034936838,2.48,2,true
13,1,1,4,5,2,0,1,2485,0.0333768,2.4199998,2,true
13,1,1,4,6,2,0,1,2565,0.03628404,2.52,2,true
13,1,1,5,0,3,1,0,2084,0.031126318,1.9599999,3,true
13,1,1,5,1,3,1,0,2303,0.03184178,2.04,3,true
13,1,1,5,2,3,1,0,2076,0.030036153,1.92,3,true
13,1,1,5,3,3,1,0,2000,0.036194805,1.92,3,true
13,1,1,5,4,3,1,0,3975,0.026017189,3.84,3,true
13,1,1,5,5,3,1,0,2216,0.025652753,2.0,3,true
13,1,1,5,6,3,1,0,1992,0.035214424,1.8,3,true
2,1,1,0,0,1,0,0,2731,0.047113243,2.58,1,true
2,1,1,0,1,1,0,0,2870,0.041571595,2.5,1,true
2,1,1,0,2,1,0,0,3268,0.04877953,3.1999998,1,true
2,1,1,0,3,1,0,0,2683,0.04547046,2.5,1,true
2,1,1,0,4,1,0,0,2478,0.049798537,2.34,1,true
2,1,1,0,5,1,0,0,2577,0.045613773,2.54,1,true
2,1,1,0,6,1,0,0,2287,0.05011984,2.2,1,true
2,1,1,1,0,6,2,1,3980,0.031178396,3.9399998,6,true
2,1,1,1,1,6,2,1,3577,0.027890846,3.54,6,true
2,1,1,1,2,6,2,1,3345,0.036337778,3.3,6,true
2,1,1,1,3,6,2,1,2573,0.037544623,2.54,6,true
2,1,1,1,4,6,2,1,3978,0.03626976,3.9399998,6,true
2,1,1,1,5,6,2,1,4247,0.031157887,3.98,6,true
2,1,1,1,6,6,2,1,3341,0.03643355,3.3,6,true
2,1,1,2,0,2,0,1,2443,0.04363342,2.3999999,2,true
2,1,1,2,1,2,0,1,2307,0.037003085,2.26,2,true
2,1,1,2,2,2,0,1,2671,0.040709473,2.6399999,2,true
2,1,1,2,3,2,0,1,1973,0.053913876,1.9,2,true
2,1,1,2,4,2,0,1,2665,0.044142604,2.62,2,true
2,1,1,2,5,2,0,1,2200,0.05651492,2.1599998,2,true
2,1,1,2,6,2,0,1,2196,0.04601287,2.1599998,2,true
2,1,1,3,0,3,1,0,1997,0.03849723,1.64,3,true
2,1,1,3,1,3,1,0,2001,0.04005217,1.9599999,3,true
2,1,1,3,2,3,1,0,2043,0.034545355,1.64,3,true
2,1,1,3,3,3,1,0,1623,0.039831642,1.4599999,3,true
2,1,1,3,4,3,1,0,2596,0.036109205,2.3999999,3,true
2,1,1,3,5,3,1,0,1736,0.03601397,1.56,3,true
2,1,1,3,6,3,1,0,1967,0.037488416,1.92,3,true
2,1,1,4,0,5,2,0,6036,-1.0,-1.0,0,false
2,1,1,4,1,5,2,0,4264,0.030789338,3.98,5,true
2,1,1,4,2,5,2,0,4161,0.030315805,3.98,5,true
2,1,1,4,3,5,2,0,4004,0.029005948,3.86,5,true
2,1,1,4,4,5,2,0,4337,0.025752414,3.98,5,true
2,1,1,4,5,5,2,0,3801,0.032473326,3.74,5,true
2,1,1,4,6,5,2,0,3252,0.03329853,3.06,5,true
2,1,1,5,0,4,1,1,1883,0.030067235,1.8399999,4,true
2,1,1,5,1,4,1,1,1631,0.03339465,1.4399999,4,true
2,1,1,5,2,4,1,1,1661,0.031500135,1.62,4,true
2,1,1,5,3,4,1,1,2193,0.028503463,2.1599998,4,true
2,1,1,5,4,4,1,1,1934,0.030587953,1.88,4,true
2,1,1,5,5,4,1,1,1820,0.03271208,1.78,4,true
2,1,1,5,6,4,1,1,1660,0.04119066,1.62,4,true
3,1,1,0,0,2,0,1,2693,0.058695115,2.6399999,2,true
3,1,1,0,1,2,0,1,2552,0.047299407,2.52,2,true
3,1,1,0,2,2,0,1,2198,0.05693254,2.1599998,2,true
3,1,1,0,3,2,0,1,2878,0.04433176,2.8,2,true
3,1,1,0,4,2,0,1,2023,0.054491423,1.9599999,2,true
3,1,1,0,5,2,0,1,2760,0.047022413,2.6799998,2,true
3,1,1,0,6,2,0,1,1573,0.05255511,1.5,2,true
3,1,1,1,0,6,2,1,2665,0.03583507,2.62,6,true
3,1,1,1,1,6,2,1,3186,0.04016862,3.1399999,6,true
3,1,1,1,2,6,2,1,3531,0.03703341,3.48,6,true
3,1,1,1,3,6,2,1,3051,0.03544015,3.02,6,true
3,1,1,1,4,6,2,1,3096,0.03764352,3.04,6,true
3,1,1,1,5,6,2,1,2218,0.03951885,2.1599998,6,true
3,1,1,1,6,6,2,1,2820,0.034087893,2.78,6,true
3,1,1,2,0,5,2,0,4326,0.033264834,3.98,5,true
3,1,1,2,1,5,2,0,3265,0.03830981,3.04,5,true
3,1,1,2,2,5,2,0,3278,0.038434885,3.06,5,true
3,1,1,2,3,5,2,0,3011,0.03911645,2.84,5,true
3,1,1,2,4,5,2,0,3871,0.03604822,3.8,5,true
3,1,1,2,5,5,2,0,3170,0.0385522,3.0,5,true
3,1,1,2,6,5,2,0,3396,0.035205565,3.32,5,true
3,1,1,3,0,1,0,0,2222,0.062098887,2.06,1,true
3,1,1,3,1,1,0,0,2509,0.051952597,2.34,1,true
3,1,1,3,2,1,0,0,3009,0.06020295,2.84,1,true
3,1,1,3,3,1,0,0,2423,0.05760389,2.2,1,true
3,1,1,3,4,1,0,0,2336,0.050952822,2.28,1,true
3,1,1,3,5,1,0,0,2145,0.068005964,1.9399999,1,true
3,1,1,3,6,1,0,0,2537,0.055512935,2.36,1,true
3,1,1,4,0,3,1,0,2206,0.03604418,2.04,3,true
3,1,1,4,1,3,1,0,2382,0.03670325,2.2,3,true
3,1,1,4,2,3,1,0,1884,0.040014647,1.8199999,3,true
3,1,1,4,3,3,1,0,2089,0.035928935,1.88,3,true
3,1,1,4,4,3,1,0,1796,0.036538735,1.7199999,3,true
3,1,1,4,5,3,1,0,2198,0.03730911,2.06,3,true
3,1,1,4,6,3,1,0,1892,0.034743894,1.76,3,true
3,1,1,5,0,4,1,1,1578,0.032425135,1.54,4,true
3,1,1,5,1,4,1,1,1879,0.028920941,1.8399999,4,true
3,1,1,5,2,4,1,1,1212,0.03326679,1.14,4,true
3,1,1,5,3,4,1,1,1563,0.03558319,1.52,4,true
3,1,1,5,4,4,1,1,1028,0.031823352,0.97999996,4,true
3,1,1,5,5,4,1,1,2462,0.030219471,2.3799999,4,true
3,1,1,5,6,4,1,1,1703,0.035633527,1.66,4,true
4,1,1,0,0,5,2,0,6095,-1.0,-1.0,0,false
4,1,1,0,1,5,2,0,6066,-1.0,-1.0,0,false
4,1,1,0,2,5,2,0,6068,0.03898877,3.98,5,true
4,1,1,0,3,5,2,0,6071,-1.0,-1.0,0,false
4,1,1,0,4,5,2,0,5809,0.042485036,3.98,5,true
4,1,1,0,5,5,2,0,2860,0.04390019,2.1599998,5,true
4,1,1,0,6,5,2,0,3513,0.043861836,2.62,5,true
4,1,1,1,0,1,0,0,3967,0.045356784,3.82,1,true
4,1,1,1,1,1,0,0,3110,0.054555826,2.9399998,1,true
4,1,1,1,2,1,0,0,2875,0.061652303,2.7,1,true
4,1,1,1,3,1,0,0,2908,0.05978582,2.8,1,true
4,1,1,1,4,1,0,0,2972,0.06119933,2.86,1,true
4,1,1,1,5,1,0,0,2559,0.060733985,2.3999999,1,true
4,1,1,1,6,1,0,0,3173,0.051205054,2.8999999,1,true
4,1,1,2,0,3,1,0,2575,0.036396135,2.3799999,3,true
4,1,1,2,1,3,1,0,2406,0.037064306,2.1399999,3,true
4,1,1,2,2,3,1,0,2675,0.038953662,2.3,3,true
4,1,1,2,3,3,1,0,2348,0.03863278,2.18,3,true
4,1,1,2,4,3,1,0,2524,0.044884004,2.4199998,3,true
4,1,1,2,5,3,1,0,1854,0.043222748,1.74,3,true
4,1,1,2,6,3,1,0,2079,0.045361716,1.8399999,3,true
4,1,1,3,0,2,0,1,3070,0.05019781,2.5,2,true
4,1,1,3,1,2,0,1,2681,0.048483066,2.58,2,true
4,1,1,3,2,2,0,1,1787,0.06636645,1.6999999,2,true
4,1,1,3,3,2,0,1,2101,0.058641873,2.0,2,true
4,1,1,3,4,2,0,1,2833,0.045078285,2.6599998,2,true
4,1,1,3,5,2,0,1,2761,0.05849547,2.6,2,true
4,1,1,3,6,2,0,1,1977,0.060114477,1.9,2,true
4,1,1,4,0,6,2,1,4273,0.044554003,3.98,6,true
4,1,1,4,1,6,2,1,3716,0.044681117,3.6399999,6,true
4,1,1,4,2,6,2,1,4108,0.052181628,3.98,6,true
4,1,1,4,3,6,2,1,2669,0.044621836,2.54,6,true
4,1,1,4,4,6,2,1,3243,0.04669699,3.1599998,6,true
4,1,1,4,5,6,2,1,3146,0.05156616,3.06,6,true
4,1,1,4,6,6,2,1,3207,0.038611155,3.1399999,6,true
4,1,1,5,0,4,1,1,2916,0.0321074,2.74,4,true
4,1,1,5,1,4,1,1,2541,0.03936593,2.46,4,true
4,1,1,5,2,4,1,1,2876,0.032904506,2.72,4,true
4,1,1,5,3,4,1,1,2305,0.03764906,2.2,4,true
4,1,1,5,4,4,1,1,1133,0.04159391,1.06,4,true
4,1,1,5,5,4,1,1,1892,0.03355362,1.8,4,true
4,1,1,5,6,4,1,1,2127,0.040966213,2.02,4,true
6,1,1,0,0,3,1,0,3328,0.028294435,3.26,3,true
6,1,1,0,1,3,1,0,2761,0.035625353,2.4199998,3,true
6,1,1,0,2,3,1,0,2547,0.03187116,2.52,3,true
6,1,1,0,3,3,1,0,2506,0.03539359,2.3799999,3,true
6,1,1,0,4,3,1,0,2477,0.0327572,2.26,3,true
6,1,1,0,5,3,1,0,2246,0.03468043,2.1599998,3,true
6,1,1,0,6,3,1,0,2412,0.038720854,2.2,3,true
6,1,1,1,0,4,1,1,2618,0.028229743,2.58,4,true
6,1,1,1,1,4,1,1,2438,0.03379435,2.3999999,4,true
6,1,1,1,2,4,1,1,2101,0.041693673,2.06,4,true
6,1,1,1,3,4,1,1,2748,0.029863533,2.6,4,true
6,1,1,1,4,4,1,1,2392,0.035385113,2.36,4,true
6,1,1,1,5,4,1,1,2647,0.03185504,2.52,4,true
6,1,1,1,6,4,1,1,2656,0.03203124,2.62,4,true
6,1,1,2,0,1,0,0,3267,0.045108575,3.22,1,true
6,1,1,2,1,1,0,0,2967,0.0595002,2.9199998,1,true
6,1,1,2,2,1,0,0,3383,0.055830903,3.1799998,1,true
6,1,1,2,3,1,0,0,2903,0.04975304,2.84,1,true
6,1,1,2,4,1,0,0,3913,0.04512977,3.76,1,true
6,1,1,2,5,1,0,0,3108,0.052286554,3.08,1,true
6,1,1,2,6,1,0,0,3298,0.054568835,3.24,1,true
6,1,1,3,0,6,2,1,3825,0.04439311,3.78,6,true
6,1,1,3,1,6,2,1,3385,0.045382183,3.34,6,true
6,1,1,3,2,6,2,1,6024,-1.0,-1.0,0,false
6,1,1,3,3,6,2,1,4103,0.036682177,3.98,6,true
6,1,1,3,4,6,2,1,3836,0.038252477,3.8,6,true
6,1,1,3,5,6,2,1,3750,0.038235307,3.72,6,true
6,1,1,3,6,6,2,1,2999,0.045336068,2.96,6,true
6,1,1,4,0,5,2,0,3554,0.0398697,3.3799999,5,true
6,1,1,4,1,5,2,0,3661,0.03695468,3.6,5,true
6,1,1,4,2,5,2,0,3815,0.038844638,3.78,5,true
6,1,1,4,3,5,2,0,3295,0.04302574,3.08,5,true
6,1,1,4,4,5,2,0,3461,0.04276429,3.26,5,true
6,1,1,4,5,5,2,0,4537,0.041965205,3.98,5,true
6,1,1,4,6,5,2,0,3380,0.04237425,3.26,5,true
6,1,1,5,0,2,0,1,4152,0.043649975,3.98,2,true
6,1,1,5,1,2,0,1,3424,0.050902694,3.3799999,2,true
6,1,1,5,2,2,0,1,4016,0.041229412,3.98,2,true
6,1,1,5,3,2,0,1,4593,0.042671263,3.98,2,true
6,1,1,5,4,2,0,1,4261,0.04144966,3.98,2,true
6,1,1,5,5,2,0,1,6030,-1.0,-1.0,0,false
6,1,1,5,6,2,0,1,3515,0.05229249,3.48,2,true
7,1,1,0,0,2,0,1,2971,0.034805864,2.9199998,2,true
7,1,1,0,1,2,0,1,3009,0.033183664,2.96,2,true
7,1,1,0,2,2,0,1,4030,0.030154493,3.98,2,true
7,1,1,0,3,2,0,1,3035,0.036101885,2.98,2,true
7,1,1,0,4,2,0,1,4458,0.031826165,3.98,2,true
7,1,1,0,5,2,0,1,3381,0.030031443,3.34,2,true
7,1,1,0,6,2,0,1,4808,0.03032089,3.98,2,true
7,1,1,1,0,5,2,0,3778,0.03408577,3.6799998,5,true
7,1,1,1,1,5,2,0,3440,0.033459112,3.24,5,true
7,1,1,1,2,5,2,0,3839,0.038475752,3.6999998,5,true
7,1,1,1,3,5,2,0,3945,0.032952253,3.86,5,true
7,1,1,1,4,5,2,0,3446,0.041167118,3.34,5,true
7,1,1,1,5,5,2,0,3471,0.032241553,3.3999999,5,true
7,1,1,1,6,5,2,0,3446,0.034902625,3.3999999,5,true
7,1,1,2,0,6,2,1,3331,0.031663205,3.26,6,true
7,1,1,2,1,6,2,1,3097,0.035858445,3.06,6,true
7,1,1,2,2,6,2,1,2723,0.03904011,2.6799998,6,true
7,1,1,2,3,6,2,1,3006,0.035656597,2.96,6,true
7,1,1,2,4,6,2,1,2707,0.04270999,2.6599998,6,true
7,1,1,2,5,6,2,1,3336,0.033958927,3.1399999,6,true
7,1,1,2,6,6,2,1,3014,0.03651008,2.98,6,true
7,1,1,3,0,4,1,1,2166,0.033852927,2.12,4,true
7,1,1,3,1,4,1,1,2356,0.035108536,2.3,4,true
7,1,1,3,2,4,1,1,2314,0.036460403,2.26,4,true
7,1,1,3,3,4,1,1,2024,0.033586178,1.9799999,4,true
7,1,1,3,4,4,1,1,1866,0.039956976,1.8199999,4,true
7,1,1,3,5,4,1,1,2753,0.03558279,2.72,4,true
7,1,1,3,6,4,1,1,1848,0.032775562,1.8,4,true
7,1,1,4,0,3,1,0,2892,0.028467279,2.82,3,true
7,1,1,4,1,3,1,0,3172,0.031584434,3.04,3,true
7,1,1,4,2,3,1,0,2534,0.038684145,2.3799999,3,true
7,1,1,4,3,3,1,0,3232,0.031356864,3.0,3,true
7,1,1,4,4,3,1,0,3058,0.030360103,2.8999999,3,true
7,1,1,4,5,3,1,0,3370,0.031186806,3.32,3,true
7,1,1,4,6,3,1,0,2825,0.030891888,2.76,3,true
7,1,1,5,0,1,0,0,4568,0.034652397,3.98,1,true
7,1,1,5,1,1,0,0,3982,0.03367033,3.9399998,1,true
7,1,1,5,2,1,0,0,4467,0.033373192,3.98,1,true
7,1,1,5,3,1,0,0,4102,0.03202554,3.8999999,1,true
7,1,1,5,4,1,0,0,3593,0.031258754,3.3799999,1,true
7,1,1,5,5,1,0,0,3680,0.033245075,3.52,1,true
7,1,1,5,6,1,0,0,3773,0.033240084,3.6,1,true
8,1,1,0,0,1,0,0,6042,-1.0,-1.0,0,false
8,1,1,0,1,1,0,0,6037,-1.0,-1.0,0,false
8,1,1,0,2,1,0,0,5205,0.030635206,3.98,1,true
8,1,1,0,3,1,0,0,4559,0.033368383,3.98,1,true
8,1,1,0,4,1,0,0,4271,0.029761814,3.98,1,true
8,1,1,0,5,1,0,0,4699,0.03528932,3.98,1,true
8,1,1,0,6,1,0,0,3862,0.03429603,3.76,1,true
8,1,1,1,0,2,0,1,4360,0.032748163,3.98,2,true
8,1,1,1,1,2,0,1,4531,0.033798657,3.98,2,true
8,1,1,1,2,2,0,1,3635,0.035800815,3.58,2,true
8,1,1,1,3,2,0,1,3103,0.040439315,3.06,2,true
8,1,1,1,4,2,0,1,6048,-1.0,-1.0,0,false
8,1,1,1,5,2,0,1,2992,0.033384915,2.9399998,2,true
8,1,1,1,6,2,0,1,3788,0.03602072,3.74,2,true
8,1,1,2,0,3,1,0,3334,0.037040055,2.46,3,true
8,1,1,2,1,3,1,0,2471,0.042109802,2.24,3,true
8,1,1,2,2,3,1,0,2381,0.03710929,2.32,3,true
8,1,1,2,3,3,1,0,2484,0.034900263,1.6999999,3,true
8,1,1,2,4,3,1,0,2696,0.032867968,2.34,3,true
8,1,1,2,5,3,1,0,2373,0.04162527,2.2,3,true
8,1,1,2,6,3,1,0,2929,0.041648805,2.56,3,true
8,1,1,3,0,4,1,1,2395,0.042341854,2.34,4,true
8,1,1,3,1,4,1,1,2356,0.04077418,2.32,4,true
8,1,1,3,2,4,1,1,2178,0.04004415,2.12,4,true
8,1,1,3,3,4,1,1,2015,0.02744692,1.9799999,4,true
8,1,1,3,4,4,1,1,2182,0.031949464,2.1399999,4,true
8,1,1,3,5,4,1,1,2284,0.028584734,2.24,4,true
8,1,1,3,6,4,1,1,2382,0.039479755,2.02,4,true
8,1,1,4,0,5,2,0,3303,0.04519283,2.6599998,5,true
8,1,1,4,1,5,2,0,3078,0.04339432,2.98,5,true
8,1,1,4,2,5,2,0,3136,0.051967792,2.9199998,5,true
8,1,1,4,3,5,2,0,2763,0.057013378,2.54,5,true
8,1,1,4,4,5,2,0,2618,0.04810303,2.48,5,true
8,1,1,4,5,5,2,0,3162,0.04580362,2.9399998,5,true
8,1,1,4,6,5,2,0,6038,-1.0,-1.0,0,false
8,1,1,5,0,6,2,1,3223,0.04504247,3.12,5,false
8,1,1,5,1,6,2,1,5536,0.032407522,3.98,6,true
8,1,1,5,2,6,2,1,4362,0.041186977,3.98,6,true
8,1,1,5,3,6,2,1,5703,0.04123739,3.98,6,true
8,1,1,5,4,6,2,1,3192,0.03909959,3.1599998,6,true
8,1,1,5,5,6,2,1,2729,0.04588045,2.6799998,6,true
8,1,1,5,6,6,2,1,3454,0.038829472,3.4199998,6,true
9,1,1,0,0,4,1,1,1923,0.040487602,1.86,4,true
9,1,1,0,1,4,1,1,1445,0.033301327,1.4,4,true
9,1,1,0,2,4,1,1,2222,0.03564236,2.1599998,4,true
9,1,1,0,3,4,1,1,2588,0.03368091,2.3799999,4,true
9,1,1,0,4,4,1,1,2254,0.040260408,2.2,4,true
9,1,1,0,5,4,1,1,2646,0.037602864,2.54,4,true
9,1,1,0,6,4,1,1,2230,0.039926846,2.18,4,true
9,1,1,1,0,3,1,0,6043,-1.0,-1.0,0,false
9,1,1,1,1,3,1,0,4819,0.027429633,3.98,3,true
9,1,1,1,2,3,1,0,3803,0.02677699,3.6999998,3,true
9,1,1,1,3,3,1,0,3191,0.034122,3.08,3,true
9,1,1,1,4,3,1,0,3707,0.03166335,2.96,3,true
9,1,1,1,5,3,1,0,3290,0.030608157,3.1799998,3,true
9,1,1,1,6,3,1,0,2204,0.042273935,2.1399999,3,true
9,1,1,2,0,2,0,1,6047,-1.0,-1.0,0,false
9,1,1,2,1,2,0,1,3419,0.05599188,3.3799999,2,true
9,1,1,2,2,2,0,1,6033,-1.0,-1.0,0,false
9,1,1,2,3,2,0,1,3076,0.058628447,3.04,2,true
9,1,1,2,4,2,0,1,4053,0.044984285,3.98,2,true
9,1,1,2,5,2,0,1,3878,0.049335275,3.84,2,true
9,1,1,2,6,2,0,1,3050,0.059975866,3.0,2,true
9,1,1,3,0,1,0,0,4336,0.04187155,3.98,1,true
9,1,1,3,1,1,0,0,4403,0.041230127,3.98,1,true
9,1,1,3,2,1,0,0,5142,0.039038595,3.98,1,true
9,1,1,3,3,1,0,0,4238,0.043465644,3.98,1,true
9,1,1,3,4,1,0,0,5484,0.04043065,3.98,1,true
9,1,1,3,5,1,0,0,4711,0.038515236,3.98,1,true
9,1,1,3,6,1,0,0,5642,0.0391452,3.98,1,true
9,1,1,4,0,5,2,0,3686,0.043511078,3.46,5,true
9,1,1,4,1,5,2,0,3605,0.04159306,3.3,5,true
9,1,1,4,2,5,2,0,3593,0.03735726,3.5,5,true
9,1,1,4,3,5,2,0,3665,0.0322735,3.58,5,true
9,1,1,4,4,5,2,0,3450,0.037819147,3.3,5,true
9,1,1,4,5,5,2,0,3453,0.03705477,3.3999999,5,true
9,1,1,4,6,5,2,0,3510,0.036560506,3.34,5,true
9,1,1,5,0,6,2,1,2574,0.044469297,2.3999999,6,true
9,1,1,5,1,6,2,1,4372,0.04222706,3.98,6,true
9,1,1,5,2,6,2,1,3854,0.04127685,3.8,6,true
9,1,1,5,3,6,2,1,4281,0.049252722,3.98,6,true
9,1,1,5,4,6,2,1,3919,0.06087748,3.86,6,true
9,1,1,5,5,6,2,1,3914,0.039407343,3.86,6,true
9,1,1,5,6,6,2,1,4124,0.04472287,3.98,6,true
